rooms, area, floor, year, bathrooms, kitchens, link, zone, price
1, 36, 0, 2019, 1, 1, https://www.titirez.ro/vanzari-garsoniere/iasi/aviatiei/garsoniera-de-vanzare-go-imobiliare-16lz7, Aviatiei, 200
2, 50, 3, 1980, 1, 1, https://www.titirez.ro/inchirieri-apartamente/iasi/piata-voievozilor/apartament-de-inchiriat-2-camere-casa-alba-166cz, Piata Voievozilor, 320
2, 35, 0, 2016, 1, 1, https://www.titirez.ro/inchirieri-apartamente/iasi/tatarasi/apartament-de-inchiriat-2-camere-premier-grup-est-16ehm, Tatarasi, 270
2, 52, 7, 2000, 1, 1, https://www.titirez.ro/inchirieri-apartamente/iasi/tatarasi/apartament-de-inchiriat-2-camere-fidelia-casa-176hd, Tatarasi, 270
2, 47, 3, 2000, 1, 1, https://www.titirez.ro/inchirieri-apartamente/iasi/copou/apartament-de-inchiriat-2-camere-fidelia-casa-16ngo, Copou, 430
1, 30, 0, 1980, 1, 1, https://www.titirez.ro/inchirieri-garsoniere/iasi/zona-centrala/garsoniera-de-inchiriat-go-imobiliare-16p01, Zona Centrala, 250
3, 67, 3, 2000, 1, 1, https://www.titirez.ro/inchirieri-apartamente/iasi/pacurari/apartament-de-inchiriat-3-camere-fidelia-casa-16rar, Pacurari, 300
2, 60, 3, 2012, 1, 1, https://www.titirez.ro/inchirieri-apartamente/iasi/piata-voievozilor/apartament-de-inchiriat-2-camere-casa-alba-16ru0, Piata Voievozilor, 430
1, 42, 2, 1988, 1, 1, https://www.titirez.ro/inchirieri-garsoniere/iasi/gara/garsoniera-de-inchiriat-premier-grup-est-16xz9, Gara, 230
1, 27, 2, 1980, 1, 1, https://www.titirez.ro/inchirieri-garsoniere/iasi/bularga/garsoniera-de-inchiriat-fidelia-casa-174b2, Bularga, 200
2, 48, 3, 1975, 1, 1, https://www.titirez.ro/inchirieri-apartamente/iasi/tudor-vladimirescu/apartament-de-inchiriat-2-camere-better-ha-12h5p, Tudor Vladimirescu, 300
3, 80, 1, 2020, 2, 1, https://www.titirez.ro/inchirieri-apartamente/iasi/podul-de-fier/apartament-de-inchiriat-3-camere-kardinal-residence-174lm, Podul de Fier, 480
2, 50, 4, 2000, 1, 1, https://www.titirez.ro/inchirieri-apartamente/iasi/nicolina/apartament-de-inchiriat-2-camere-fidelia-casa-16ves, Nicolina, 280
2, 50, 0, 2000, 1, 1, https://www.titirez.ro/inchirieri-apartamente/iasi/bucium/apartament-de-inchiriat-2-camere-fidelia-casa-16ob9, Bucium, 300
2, 62, 1, 1987, 1, 1, https://www.titirez.ro/inchirieri-apartamente/iasi/tatarasi/apartament-de-inchiriat-2-camere-premier-grup-est-16fsc, Tatarasi, 300
2, 60, 3, 1980, 1, 1, https://www.titirez.ro/inchirieri-apartamente/iasi/cug/apartament-de-inchiriat-2-camere-tnt-imobiliare-iasi-16qqr, CUG, 320
2, 50, 1, 2000, 1, 1, https://www.titirez.ro/inchirieri-apartamente/iasi/tudor-vladimirescu/apartament-de-inchiriat-2-camere-fidelia-casa-16nww, Tudor Vladimirescu, 400
2, 55, 0, 2014, 1, 1, https://www.titirez.ro/inchirieri-apartamente/iasi/cug/apartament-de-inchiriat-2-camere-tnt-imobiliare-iasi-16qjt, C, 280
2, 52, 5, 2020, 1, 1, https://www.titirez.ro/inchirieri-apartamente/iasi/cug/apartament-de-inchiriat-2-camere-dhd-imobiliare-16vr2, CUG, 250
2, 80, 1, 2008, 1, 1, https://www.titirez.ro/inchirieri-apartamente/iasi/moara-de-vant/apartament-de-inchiriat-2-camere-go-imobiliare-14p20, Iasi, 450
1, 40, 1, 1990, 1, 1, https://www.titirez.ro/inchirieri-garsoniere/iasi/piata-voievozilor/garsoniera-de-inchiriat-casa-alba-14c9c, Piata Voievozilor, 320
1, 37, 1, 2021, 1, 1, https://www.titirez.ro/vanzari-garsoniere/iasi/pacurari/garsoniera-de-vanzare-dhd-imobiliare-170pa, Pacurari, 38
1, 35, 5, 2000, 1, 1, https://www.titirez.ro/inchirieri-garsoniere/iasi/centrul-civic/garsoniera-de-inchiriat-fidelia-casa-16yle, Centrul Civic, 230
1, 44, 5, 1990, 1, 1, https://www.titirez.ro/inchirieri-garsoniere/iasi/pacurari/garsoniera-de-inchiriat-premier-grup-est-173os, Pacurari, 250
1, 35, 3, 2000, 1, 1, https://www.titirez.ro/inchirieri-garsoniere/iasi/nicolina/garsoniera-de-inchiriat-fidelia-casa-1768g, Nicolina, 200
2, 82, 1, 2006, 1, 1, https://www.titirez.ro/inchirieri-apartamente/iasi/moara-de-vant/apartament-de-inchiriat-2-camere-go-imobiliare-136ug, Iasi, 450
3, 53, 3, 2000, 1, 1, https://www.titirez.ro/inchirieri-apartamente/iasi/tatarasi/apartament-de-inchiriat-3-camere-fidelia-casa-1764d, Tatarasi, 400
1, 26, 2, 1980, 1, 1, https://www.titirez.ro/inchirieri-garsoniere/iasi/nicolina/garsoniera-de-inchiriat-premier-grup-est-17612, Nicolina, 200
2, 60, 4, 1985, 1, 1, https://www.titirez.ro/inchirieri-apartamente/iasi/gara/apartament-de-inchiriat-2-camere-tnt-imobiliare-iasi-16qjq, Gara, 350
2, 50, 0, 2010, 1, 1, https://www.titirez.ro/inchirieri-apartamente/iasi/copou/apartament-de-inchiriat-2-camere-casa-alba-14plv, Copou, 350
2, 45, 9, 1985, 1, 1, https://www.titirez.ro/inchirieri-apartamente/iasi/zona-centrala/apartament-de-inchiriat-2-camere-tnt-imobiliare-iasi-16qjz, Zona Centrala, 300
3, 82, 2, 1980, 2, 1, https://www.titirez.ro/inchirieri-apartamente/iasi/podu-ros/apartament-de-inchiriat-3-camere-kardinal-residence-174e6, Podu Ros, 360
1, 30, 2, 2000, 1, 1, https://www.titirez.ro/inchirieri-garsoniere/iasi/gara/garsoniera-de-inchiriat-fidelia-casa-176du, Gara, 230
2, 56, 7, 2019, 1, 1, https://www.titirez.ro/inchirieri-apartamente/iasi/tudor-vladimirescu/apartament-de-inchiriat-2-camere-casa-alba-1786f, Tudor Vladimirescu, 500
2, 53, 5, 2019, 1, 1, https://www.titirez.ro/inchirieri-apartamente/iasi/baza-3/apartament-de-inchiriat-2-camere-dhd-imobiliare-16vrc, Baza , 250
1, 44, 4, 2014, 1, 1, https://www.titirez.ro/inchirieri-garsoniere/iasi/podul-de-fier/garsoniera-de-inchiriat-casa-alba-166au, Podul de Fier, 330
3, 65, 2, 2016, 1, 1, https://www.titirez.ro/inchirieri-apartamente/iasi/centrul-civic/apartament-de-inchiriat-3-camere-tnt-imobiliare-iasi-16q9c, Centrul Civic, 450
2, 75, 6, 1985, 1, 1, https://www.titirez.ro/inchirieri-apartamente/iasi/zona-centrala/apartament-de-inchiriat-2-camere-tnt-imobiliare-iasi-16qmb, Zona Centrala, 475
1, 44, 6, 1988, 1, 1, https://www.titirez.ro/inchirieri-garsoniere/iasi/gara/garsoniera-de-inchiriat-premier-grup-est-16v6t, Gara, 260
2, 63, 1, 1960, 1, 1, https://www.titirez.ro/inchirieri-apartamente/iasi/copou/apartament-de-inchiriat-2-camere-casa-alba-16mng, Copou, 350
3, 50, 2, 1977, 1, 1, https://www.titirez.ro/inchirieri-apartamente/iasi/tatarasi/apartament-de-inchiriat-3-camere-go-imobiliare-174p4, Tatarasi, 275
3, 63, 2, 2006, 2, 1, https://www.titirez.ro/inchirieri-apartamente/iasi/tatarasi/apartament-de-inchiriat-3-camere-fidelia-casa-17349, Tatarasi, 350
3, 70, 6, 1984, 2, 1, https://www.titirez.ro/inchirieri-apartamente/iasi/centrul-civic/apartament-de-inchiriat-3-camere-premier-grup-est-16vbi, Centrul Civic, 500
3, 72, 0, 2000, 2, 1, https://www.titirez.ro/inchirieri-apartamente/iasi/podul-de-fier/apartament-de-inchiriat-3-camere-fidelia-casa-16vet, Podul de Fier, 400
2, 50, 0, 1970, 1, 1, https://www.titirez.ro/inchirieri-apartamente/iasi/cantemir/apartament-de-inchiriat-2-camere-tnt-imobiliare-iasi-16z47, Cantemir, 299
3, 50, 6, 1985, 1, 1, https://www.titirez.ro/inchirieri-apartamente/iasi/zona-centrala/apartament-de-inchiriat-3-camere-tnt-imobiliare-iasi-16qmp, Zona Centrala, 600
2, 55, 5, 2018, 1, 1, https://www.titirez.ro/inchirieri-apartamente/iasi/podu-ros/apartament-de-inchiriat-2-camere-tnt-imobiliare-iasi-16qli, Podu Ros, 450
2, 40, 1, 2014, 1, 1, https://www.titirez.ro/inchirieri-apartamente/iasi/iasi/apartament-de-inchiriat-2-camere-premier-grup-est-16yqi, Iasi, 250
2, 57, 1, 2000, 1, 1, https://www.titirez.ro/inchirieri-apartamente/iasi/copou/apartament-de-inchiriat-2-camere-fidelia-casa-176an, Copou, 280
1, 38, 3, 1979, 1, 1, https://www.titirez.ro/inchirieri-garsoniere/iasi/gara/garsoniera-de-inchiriat-premier-grup-est-16xxl, Gara, 250
4, 100, 2, 1985, 3, 1, https://www.titirez.ro/inchirieri-apartamente/iasi/piata-voievozilor/apartament-de-inchiriat-4-camere-casa-alba-166ai, Piata Voievozilor, 850
2, 52, 5, 2020, 1, 1, https://www.titirez.ro/inchirieri-apartamente/iasi/cug/apartament-de-inchiriat-2-camere-dhd-imobiliare-16wcq, CUG, 250
4, 90, 2, 1983, 2, 1, https://www.titirez.ro/inchirieri-apartamente/iasi/podu-ros/apartament-de-inchiriat-4-camere-premier-grup-est-16pri, Podu Ros, 600
2, 63, 2, 2012, 1, 1, https://www.titirez.ro/inchirieri-apartamente/iasi/cug/apartament-de-inchiriat-2-camere-fidelia-casa-17809, CUG, 280
2, 52, 3, 2015, 1, 1, https://www.titirez.ro/inchirieri-apartamente/iasi/bucium/apartament-de-inchiriat-2-camere-fidelia-casa-177z4, Bucium, 250
3, 70, 1, 2018, 1, 1, https://www.titirez.ro/inchirieri-apartamente/iasi/copou/apartament-de-inchiriat-3-camere-kardinal-residence-174e7, Copou, 390
2, 66, 1, 2018, 1, 1, https://www.titirez.ro/inchirieri-apartamente/iasi/carol-i/apartament-de-inchiriat-2-camere-premier-grup-est-1708u, Carol I, 500
3, 80, 6, 2019, 1, 1, https://www.titirez.ro/inchirieri-apartamente/iasi/tatarasi/apartament-de-inchiriat-3-camere-expert-casa-imobiliare-176cq, Tatarasi, 500
2, 60, 3, 2017, 1, 1, https://www.titirez.ro/inchirieri-apartamente/iasi/tudor-vladimirescu/apartament-de-inchiriat-2-camere-kardinal-residence-173l6, Tudor Vladimirescu, 380
2, 57, 4, 2020, 1, 1, https://www.titirez.ro/inchirieri-apartamente/iasi/centrul-civic/apartament-de-inchiriat-2-camere-premier-grup-est-167rm, Centrul Civic, 450
2, 65, 0, 2019, 1, 1, https://www.titirez.ro/inchirieri-apartamente/iasi/copou/apartament-de-inchiriat-2-camere-casa-alba-14ef4, Copou, 470
2, 40, 1, 2015, 1, 1, https://www.titirez.ro/inchirieri-apartamente/iasi/aeroport/apartament-de-inchiriat-2-camere-kardinal-residence-173l2, Iasi, 380
2, 53, 1, 2000, 1, 1, https://www.titirez.ro/inchirieri-apartamente/iasi/tatarasi/apartament-de-inchiriat-2-camere-fidelia-casa-1726k, Tatarasi, 400
2, 56, 1, 1991, 1, 1, https://www.titirez.ro/inchirieri-apartamente/iasi/aeroport/apartament-de-inchiriat-2-camere-kardinal-residence-174le, Iasi, 350
2, 60, 0, 1955, 1, 1, https://www.titirez.ro/inchirieri-apartamente/iasi/piata-voievozilor/apartament-de-inchiriat-2-camere-casa-alba-14zad, Piata Voievozilor, 460
3, 76, 4, 1986, 1, 1, https://www.titirez.ro/inchirieri-apartamente/iasi/podul-de-fier/apartament-de-inchiriat-3-camere-kardinal-residence-1753l, Podul de Fier, 450
1, 44, 2, 1990, 1, 1, https://www.titirez.ro/inchirieri-garsoniere/iasi/pacurari/garsoniera-de-inchiriat-premier-grup-est-16wia, Pacurari, 230
1, 26, 1, 1980, 1, 1, https://www.titirez.ro/inchirieri-garsoniere/iasi/galata/garsoniera-de-inchiriat-premier-grup-est-173bb, Galata, 200
3, 88, 7, 2000, 2, 1, https://www.titirez.ro/inchirieri-apartamente/iasi/podu-ros/apartament-de-inchiriat-3-camere-fidelia-casa-17527, Podu Ros, 580
3, 54, 2, 1979, 1, 1, https://www.titirez.ro/inchirieri-apartamente/iasi/mircea-cel-batran/apartament-de-inchiriat-3-camere-premier-grup-est-177o4, Mircea cel Batran, 150
2, 54, 0, 2019, 1, 1, https://www.titirez.ro/inchirieri-apartamente/iasi/copou/apartament-de-inchiriat-2-camere-fidelia-casa-16fg1, Copou, 450
1, 58, 1, 1990, 1, 1, https://www.titirez.ro/inchirieri-garsoniere/iasi/gara/garsoniera-de-inchiriat-tnt-imobiliare-iasi-16rkh, Gara, 300
2, 50, 3, 1980, 1, 1, https://www.titirez.ro/inchirieri-apartamente/iasi/piata-voievozilor/apartament-de-inchiriat-2-camere-casa-alba-166cx, Piata Voievozilor, 320
1, 35, 1, 1985, 1, 1, https://www.titirez.ro/inchirieri-garsoniere/iasi/tatarasi/garsoniera-de-inchiriat-tnt-imobiliare-iasi-16pm9, Tatarasi, 280
2, 50, 4, 1980, 1, 1, https://www.titirez.ro/inchirieri-apartamente/iasi/podu-ros/apartament-de-inchiriat-2-camere-tnt-imobiliare-iasi-16qjo, Podu Ros, 288
2, 55, 5, 1980, 2, 1, https://www.titirez.ro/inchirieri-apartamente/iasi/pacurari/apartament-de-inchiriat-2-camere-tnt-imobiliare-iasi-16qnx, Pacurari, 300
2, 58, 2, 2010, 1, 1, https://www.titirez.ro/inchirieri-apartamente/iasi/copou/apartament-de-inchiriat-2-camere-fidelia-casa-12jpf, Copou, 500
1, 26, 2, 1980, 1, 1, https://www.titirez.ro/inchirieri-garsoniere/iasi/nicolina/garsoniera-de-inchiriat-premier-grup-est-173b2, Nicolina, 180
1, 23, 4, 1980, 1, 1, https://www.titirez.ro/inchirieri-garsoniere/iasi/alexandru-cel-bun/garsoniera-de-inchiriat-optim-rezidential-16vy3, Alexandru cel Bun, 185
2, 50, 3, 1980, 1, 1, https://www.titirez.ro/inchirieri-apartamente/iasi/piata-voievozilor/apartament-de-inchiriat-2-camere-casa-alba-166cy, Piata Voievozilor, 320
1, 40, 2, 2017, 1, 1, https://www.titirez.ro/inchirieri-garsoniere/iasi/moara-de-vant/garsoniera-de-inchiriat-tnt-imobiliare-iasi-16qlr, Iasi, 300
2, 70, 2, 2020, 1, 1, https://www.titirez.ro/inchirieri-apartamente/iasi/podu-ros/apartament-de-inchiriat-2-camere-premier-grup-est-177gb, Podu Ros, 375
2, 60, 3, 1970, 1, 1, https://www.titirez.ro/inchirieri-apartamente/iasi/copou/apartament-de-inchiriat-2-camere-expert-casa-imobiliare-16xve, Copou, 380
1, 42, 3, 1980, 1, 1, https://www.titirez.ro/inchirieri-garsoniere/iasi/iasi/garsoniera-de-inchiriat-tnt-imobiliare-iasi-16sit, Iasi, 300
4, 80, 2, 1980, 2, 1, https://www.titirez.ro/inchirieri-apartamente/iasi/piata-voievozilor/apartament-de-inchiriat-4-camere-casa-alba-14cpb, Piata Voievozilor, 500
2, 64, 4, 1980, 1, 1, https://www.titirez.ro/inchirieri-apartamente/iasi/zona-centrala/apartament-de-inchiriat-2-camere-premier-grup-est-17264, Zona Centrala, 380
3, 60, 2, 2000, 1, 1, https://www.titirez.ro/inchirieri-apartamente/iasi/tatarasi/apartament-de-inchiriat-3-camere-fidelia-casa-16xok, Tatarasi, 250
2, 54, 2, 1988, 1, 1, https://www.titirez.ro/inchirieri-apartamente/iasi/targu-cucu/apartament-de-inchiriat-2-camere-kardinal-residence-174lf, Targu Cucu, 350
1, 26, 1, 1980, 1, 1, https://www.titirez.ro/inchirieri-garsoniere/iasi/nicolina/garsoniera-de-inchiriat-premier-grup-est-1756m, Nicolina, 180
1, 24, 2, 1979, 1, 1, https://www.titirez.ro/inchirieri-garsoniere/iasi/nicolina/garsoniera-de-inchiriat-fidelia-casa-172ui, Nicolina, 190
1, 37, 2, 2015, 1, 1, https://www.titirez.ro/inchirieri-garsoniere/iasi/tatarasi/garsoniera-de-inchiriat-tnt-imobiliare-iasi-16qj9, Tatarasi, 260
2, 50, 4, 2018, 1, 1, https://www.titirez.ro/inchirieri-apartamente/iasi/copou/apartament-de-inchiriat-2-camere-go-imobiliare-16nhf, Copou, 400
2, 50, 3, 2015, 1, 1, https://www.titirez.ro/inchirieri-apartamente/iasi/baza-3/apartament-de-inchiriat-2-camere-tnt-imobiliare-iasi-16qbo, Baza , 300
2, 60, 5, 2019, 1, 1, https://www.titirez.ro/inchirieri-apartamente/iasi/tesatura/apartament-de-inchiriat-2-camere-cabinet-imobiliar-14t7w, Tesatura, 410
2, 65, 2, 2000, 1, 1, https://www.titirez.ro/inchirieri-apartamente/iasi/tatarasi/apartament-de-inchiriat-2-camere-fidelia-casa-16xol, Tatarasi, 350
1, 25, 1, 2016, 1, 1, https://www.titirez.ro/inchirieri-garsoniere/iasi/pacurari/garsoniera-de-inchiriat-tnt-imobiliare-iasi-16p12, Pacurari, 210
1, 40, 4, 1985, 1, 1, https://www.titirez.ro/inchirieri-garsoniere/iasi/tatarasi/garsoniera-de-inchiriat-tnt-imobiliare-iasi-16qk2, Tatarasi, 250
2, 50, 4, 2018, 1, 1, https://www.titirez.ro/inchirieri-apartamente/iasi/copou/apartament-de-inchiriat-2-camere-tnt-imobiliare-iasi-16qmi, Copou, 430
1, 46, 3, 2020, 1, 1, https://www.titirez.ro/inchirieri-garsoniere/iasi/centrul-civic/garsoniera-de-inchiriat-premier-grup-est-1725s, Centrul Civic, 350
2, 45, 6, 1985, 1, 1, https://www.titirez.ro/inchirieri-apartamente/iasi/zona-centrala/apartament-de-inchiriat-2-camere-tnt-imobiliare-iasi-16qbl, Zona Centrala, 350
3, 48, 4, 2000, 1, 1, https://www.titirez.ro/inchirieri-apartamente/iasi/tatarasi/apartament-de-inchiriat-3-camere-fidelia-casa-16xoj, Tatarasi, 250
2, 53, 6, 2020, 1, 1, https://www.titirez.ro/inchirieri-apartamente/iasi/nicolina/apartament-de-inchiriat-2-camere-casa-alba-165k0, Nicolina, 400
2, 52, 5, 2018, 1, 1, https://www.titirez.ro/inchirieri-apartamente/iasi/pacurari/apartament-de-inchiriat-2-camere-premier-grup-est-16yah, Pacurari, 320
2, 48, 0, 1982, 1, 1, https://www.titirez.ro/inchirieri-apartamente/iasi/centrul-civic/apartament-de-inchiriat-2-camere-premier-grup-est-17455, Centrul Civic, 350
2, 43, 1, 1979, 1, 1, https://www.titirez.ro/inchirieri-apartamente/iasi/mircea-cel-batran/apartament-de-inchiriat-2-camere-premier-grup-est-1774u, Mircea cel Batran, 210
2, 62, 1, 1987, 1, 1, https://www.imobiliare.ro/inchirieri-apartamente/iasi/tatarasi/apartament-de-inchiriat-2-camere-X95I1005O, Tatarasi, 300
2, 40, 7, 2014, 1, 1, https://www.imobiliare.ro/inchirieri-apartamente/iasi/tatarasi/apartament-de-inchiriat-2-camere-X5AK100SF, Tatarasi, 270
3, 66, 4, 1990, 1, 1, https://www.imobiliare.ro/inchirieri-apartamente/iasi/podul-de-fier/apartament-de-inchiriat-3-camere-X3N5000ON, Podul de Fier, 470
2, 65, 0, 2017, 1, 1, https://www.imobiliare.ro/inchirieri-apartamente/iasi/popas-pacurari/apartament-de-inchiriat-2-camere-X9BK10030, Popas Pacurari, 300
1, 41, 1, 2020, 1, 1, https://www.imobiliare.ro/inchirieri-garsoniere/iasi/tatarasi/garsoniera-de-inchiriat-X5AK10024, Tatarasi, 299
3, 80, 2, 1988, 1, 1, https://www.imobiliare.ro/inchirieri-apartamente/iasi/copou/apartament-de-inchiriat-3-camere-X9SI0000I, Copou, 450
1, 30, 2, 2016, 1, 1, https://www.imobiliare.ro/inchirieri-garsoniere/iasi/copou/garsoniera-de-inchiriat-X4A00000G, Copou, 350
3, 70, 4, 1977, 1, 1, https://www.imobiliare.ro/inchirieri-apartamente/iasi/alexandru-cel-bun/apartament-de-inchiriat-3-camere-X0BG100EJ, Alexandru cel Bun, 400
2, 40, 2, 2010, 1, 1, https://www.imobiliare.ro/inchirieri-apartamente/iasi/frumoasa/apartament-de-inchiriat-2-camere-XCAR00026, Frumoasa, 260
2, 66, 1, 2018, 1, 1, https://www.imobiliare.ro/inchirieri-apartamente/iasi/copou/apartament-de-inchiriat-2-camere-X95I1003O, Copou, 500
4, 90, 2, 1983, 2, 1, https://www.imobiliare.ro/inchirieri-apartamente/iasi/podu-ros/apartament-de-inchiriat-4-camere-X95I1003H, Podu Ros, 600
3, 65, 2, 1968, 1, 1, https://www.imobiliare.ro/inchirieri-apartamente/iasi/central/apartament-de-inchiriat-3-camere-X0BG1002P, Central, 500
2, 35, 2, 1977, 1, 1, https://www.imobiliare.ro/inchirieri-apartamente/iasi/tatarasi/apartament-de-inchiriat-2-camere-X3N50006N, Tatarasi, 220
3, 65, 1, 1982, 1, 1, https://www.imobiliare.ro/inchirieri-apartamente/iasi/nicolina/apartament-de-inchiriat-3-camere-X5110004G, Nicolina, 380
2, 45, 4, 1990, 1, 1, https://www.imobiliare.ro/inchirieri-apartamente/iasi/alexandru-cel-bun/apartament-de-inchiriat-2-camere-X3N5000RA, Alexandru cel Bun, 250
1, 28, 3, 2017, 1, 1, https://www.imobiliare.ro/inchirieri-garsoniere/iasi/tatarasi/garsoniera-de-inchiriat-X5AK1002F, Tatarasi, 270
2, 55, 0, 2010, 1, 1, https://www.imobiliare.ro/inchirieri-apartamente/iasi/pacurari/apartament-de-inchiriat-2-camere-X3N5000OV, Pacurari, 250
1, 40, 5, 2010, 1, 1, https://www.imobiliare.ro/inchirieri-garsoniere/iasi/podul-de-fier/garsoniera-de-inchiriat-X3N5000OG, Podul de Fier, 250
1, 25, 0, 1990, 1, 1, https://www.imobiliare.ro/inchirieri-garsoniere/iasi/tudor-vladimirescu/garsoniera-de-inchiriat-XBQQ00003, Tudor Vladimirescu, 205
2, 70, 2, 2020, 1, 1, https://www.imobiliare.ro/inchirieri-apartamente/iasi/podu-ros/apartament-de-inchiriat-2-camere-X95I100BR, Podu Ros, 375
2, 40, 6, 2014, 1, 1, https://www.imobiliare.ro/inchirieri-apartamente/iasi/tudor-vladimirescu/apartament-de-inchiriat-2-camere-X5Q110013, Tudor Vladimirescu, 400
3, 70, 3, 1976, 1, 1, https://www.imobiliare.ro/inchirieri-apartamente/iasi/centru-civic/apartament-de-inchiriat-3-camere-X5Q11004U, Centru Civic, 600
1, 35, 1, 2010, 1, 1, https://www.imobiliare.ro/inchirieri-garsoniere/iasi/moara-de-vant/garsoniera-de-inchiriat-X3N5000OH, Moara de Vant, 230
2, 72, 3, 2010, 1, 1, https://www.imobiliare.ro/inchirieri-apartamente/iasi/podul-de-fier/apartament-de-inchiriat-2-camere-X3N5000RN, Podul de Fier, 450
2, 63, 2, 1985, 1, 1, https://www.imobiliare.ro/inchirieri-apartamente/iasi/podu-ros/apartament-de-inchiriat-2-camere-X907100EV, Podu Ros, 280
2, 60, 3, 2017, 1, 1, https://www.imobiliare.ro/inchirieri-apartamente/iasi/tudor-vladimirescu/apartament-de-inchiriat-2-camere-XCBE10024, Tudor Vladimirescu, 380
2, 45, 3, 2017, 1, 1, https://www.imobiliare.ro/inchirieri-apartamente/iasi/tatarasi/apartament-de-inchiriat-2-camere-X4Q200143, Tatarasi, 300
3, 45, 3, 2016, 1, 1, https://www.imobiliare.ro/inchirieri-apartamente/iasi/centru-civic/apartament-de-inchiriat-3-camere-X4A00000C, Centru Civic, 400
2, 66, 2, 2017, 1, 1, https://www.imobiliare.ro/inchirieri-apartamente/iasi/popas-pacurari/apartament-de-inchiriat-2-camere-X5AK100L7, Popas Pacurari, 330
1, 24, 0, 2016, 1, 1, https://www.imobiliare.ro/inchirieri-garsoniere/iasi/piata-unirii/garsoniera-de-inchiriat-X7M20004G, Piaţa Unirii, 250
1, 35, 3, 2017, 1, 1, https://www.imobiliare.ro/inchirieri-garsoniere/iasi/baza-3/garsoniera-de-inchiriat-X9CL10016, Baza 3, 250
2, 56, 3, 1990, 1, 1, https://www.imobiliare.ro/inchirieri-apartamente/iasi/centru-civic/apartament-de-inchiriat-2-camere-XV0C0043R, Centru Civic, 330
2, 60, 1, 1985, 1, 1, https://www.imobiliare.ro/inchirieri-apartamente/iasi/centru-civic/apartament-de-inchiriat-2-camere-X907100FB, Centru Civic, 300
2, 55, 1, 1984, 1, 1, https://www.imobiliare.ro/inchirieri-apartamente/iasi/frumoasa/apartament-de-inchiriat-2-camere-X4NS0009I, Frumoasa, 280
2, 50, 1, 2014, 1, 1, https://www.imobiliare.ro/inchirieri-apartamente/iasi/tatarasi/apartament-de-inchiriat-2-camere-X5AK100CK, Tatarasi, 270
3, 65, 0, 1977, 1, 1, https://www.imobiliare.ro/inchirieri-apartamente/iasi/tatarasi/apartament-de-inchiriat-3-camere-X3N5000QM, Tatarasi, 350
1, 40, 2, 2016, 1, 1, https://www.imobiliare.ro/inchirieri-garsoniere/iasi/bucium/garsoniera-de-inchiriat-X7M20005C, Bucium, 215
2, 48, 10, 2020, 1, 1, https://www.imobiliare.ro/inchirieri-apartamente/iasi/tudor-vladimirescu/apartament-de-inchiriat-2-camere-X4NS000G3, Tudor Vladimirescu, 400
2, 44, 6, 2016, 1, 1, https://www.imobiliare.ro/inchirieri-apartamente/iasi/oancea/apartament-de-inchiriat-2-camere-XC4910048, Oancea, 350
2, 45, 4, 1970, 1, 1, https://www.imobiliare.ro/inchirieri-apartamente/iasi/podu-ros/apartament-de-inchiriat-2-camere-X5AK100L6, Podu Ros, 250
2, 60, 1, 1980, 1, 1, https://www.imobiliare.ro/inchirieri-apartamente/iasi/centru-civic/apartament-de-inchiriat-2-camere-X3N500055, Centru Civic, 400
3, 65, 5, 2020, 1, 1, https://www.imobiliare.ro/inchirieri-apartamente/iasi/lunca-cetatuii/apartament-de-inchiriat-3-camere-X5AK100OT, Lunca Cetaţuii, 299
2, 45, 3, 1980, 1, 1, https://www.imobiliare.ro/inchirieri-apartamente/iasi/dacia/apartament-de-inchiriat-2-camere-XA6H00139, Dacia, 230
2, 50, 1, 2010, 1, 1, https://www.imobiliare.ro/inchirieri-apartamente/iasi/nicolina/apartament-de-inchiriat-2-camere-X3N50008D, Nicolina, 350
2, 67, 5, 2016, 1, 1, https://www.imobiliare.ro/inchirieri-apartamente/iasi/podul-de-fier/apartament-de-inchiriat-2-camere-X3V4100C8, Podul de Fier, 390
2, 50, 4, 2010, 1, 1, https://www.imobiliare.ro/inchirieri-apartamente/iasi/tatarasi/apartament-de-inchiriat-2-camere-X3N500092, Tatarasi, 430
2, 60, 5, 2015, 1, 1, https://www.imobiliare.ro/inchirieri-apartamente/iasi/tatarasi/apartament-de-inchiriat-2-camere-XAV81000Q, Tatarasi, 400
1, 30, 3, 2015, 1, 1, https://www.imobiliare.ro/inchirieri-garsoniere/iasi/tatarasi/garsoniera-de-inchiriat-X5AK100PH, Tatarasi, 270
2, 45.05, 0, 2015, 1, 1, https://www.imobiliare.ro/inchirieri-apartamente/iasi/copou/apartament-de-inchiriat-2-camere-XBP60008G, Copou, 400
3, 57, 1, 1985, 1, 1, https://www.imobiliare.ro/inchirieri-apartamente/iasi/podu-ros/apartament-de-inchiriat-3-camere-XC4910009, Podu Ros, 400
2, 50, 2, 1980, 1, 1, https://www.imobiliare.ro/inchirieri-apartamente/iasi/canta/apartament-de-inchiriat-2-camere-X4Q20010H, Canta, 200
2, 55, 5, 1977, 1, 1, https://www.imobiliare.ro/inchirieri-apartamente/iasi/podu-ros/apartament-de-inchiriat-2-camere-X3N5000S2, Podu Ros, 250
2, 30, 2, 1970, 1, 1, https://www.imobiliare.ro/inchirieri-apartamente/iasi/tatarasi/apartament-de-inchiriat-2-camere-X5Q11009L, Tatarasi, 230
4, 70, 3, 1990, 1, 1, https://www.imobiliare.ro/inchirieri-apartamente/iasi/alexandru-cel-bun/apartament-de-inchiriat-4-camere-X3N5000OR, Alexandru cel Bun, 300
3, 110, 3, 2017, 2, 1, https://www.imobiliare.ro/inchirieri-apartamente/iasi/central/apartament-de-inchiriat-3-camere-X5AK100SE, Central, 380
2, 64, 7, 2020, 1, 1, https://www.imobiliare.ro/inchirieri-apartamente/iasi/copou/apartament-de-inchiriat-2-camere-X7N210057, Copou, 450
1, 35, 3, 1987, 1, 1, https://www.imobiliare.ro/inchirieri-garsoniere/iasi/pacurari/garsoniera-de-inchiriat-X3N50005J, Pacurari, 270
2, 54, 2, 1979, 1, 1, https://www.imobiliare.ro/inchirieri-apartamente/iasi/dacia/apartament-de-inchiriat-2-camere-X3N50004K, Dacia, 220
2, 55, 0, 2020, 1, 1, https://www.imobiliare.ro/inchirieri-apartamente/iasi/podul-de-fier/apartament-de-inchiriat-2-camere-X3V41007B, Podul de Fier, 350
4, 123, 1, 1990, 2, 1, https://www.imobiliare.ro/inchirieri-apartamente/iasi/central/apartament-de-inchiriat-4-camere-X3V4100L2, Central, 1.2
2, 55, 1, 2020, 1, 1, https://www.imobiliare.ro/inchirieri-apartamente/iasi/tatarasi/apartament-de-inchiriat-2-camere-X7N210017, Tatarasi, 330
2, 50, 2, 1969, 1, 1, https://www.imobiliare.ro/inchirieri-apartamente/iasi/central/apartament-de-inchiriat-2-camere-X0BG100E2, Central, 350
2, 40, 3, 1977, 1, 1, https://www.imobiliare.ro/inchirieri-apartamente/iasi/copou/apartament-de-inchiriat-2-camere-X9I50005H, Copou, 300
2, 55, 4, 2016, 1, 1, https://www.imobiliare.ro/inchirieri-apartamente/iasi/centru-civic/apartament-de-inchiriat-2-camere-X7J30000P, Centru Civic, 450
4, 100, 1, 1995, 2, 1, https://www.imobiliare.ro/inchirieri-apartamente/iasi/central/apartament-de-inchiriat-4-camere-XAF81000E, Central, 700
2, 48, 0, 1990, 1, 1, https://www.imobiliare.ro/inchirieri-apartamente/iasi/podu-ros/apartament-de-inchiriat-2-camere-X5AK100LP, Podu Ros, 210
2, 58, 4, 2015, 1, 1, https://www.imobiliare.ro/inchirieri-apartamente/iasi/bucium/apartament-de-inchiriat-2-camere-X5AK100HT, Bucium, 290
1, 34, 6, 2020, 1, 1, https://www.imobiliare.ro/inchirieri-garsoniere/iasi/ultracentral/garsoniera-de-inchiriat-X7N21005C, Ultracentral, 350
2, 50, 2, 1990, 1, 1, https://www.imobiliare.ro/inchirieri-apartamente/iasi/podu-ros/apartament-de-inchiriat-2-camere-XA6H00144, Podu Ros, 300
2, 46, 4, 1990, 1, 1, https://www.imobiliare.ro/inchirieri-apartamente/iasi/podu-ros/apartament-de-inchiriat-2-camere-X3N5000PR, Podu Ros, 300
1, 40, 4, 2018, 1, 1, https://www.imobiliare.ro/inchirieri-garsoniere/iasi/nicolina/garsoniera-de-inchiriat-X5AK10027, Nicolina, 270
1, 44, 1, 2010, 1, 1, https://www.imobiliare.ro/inchirieri-garsoniere/iasi/tudor-vladimirescu/garsoniera-de-inchiriat-X3N5000R3, Tudor Vladimirescu, 300
2, 40, 3, 2020, 1, 1, https://www.imobiliare.ro/inchirieri-apartamente/iasi/pacurari/apartament-de-inchiriat-2-camere-X3N50008U, Pacurari, 200
2, 58, 2, 2015, 1, 1, https://www.imobiliare.ro/inchirieri-apartamente/iasi/bucium/apartament-de-inchiriat-2-camere-X7N21000E, Bucium, 350
2, 35, 3, 1990, 1, 1, https://www.imobiliare.ro/inchirieri-apartamente/iasi/podu-ros/apartament-de-inchiriat-2-camere-X9I50003D, Podu Ros, 230
3, 70, 4, 2010, 2, 1, https://www.imobiliare.ro/inchirieri-apartamente/iasi/tatarasi/apartament-de-inchiriat-3-camere-X3N500097, Tatarasi, 700
2, 75, 5, 2016, 1, 1, https://www.imobiliare.ro/inchirieri-apartamente/iasi/copou/apartament-de-inchiriat-2-camere-X4A000011, Copou, 1
2, 50, 7, 2020, 1, 1, https://www.imobiliare.ro/inchirieri-apartamente/iasi/copou/apartament-de-inchiriat-2-camere-X3N50004U, Copou, 450
1, 42, 2, 1985, 1, 1, https://www.imobiliare.ro/inchirieri-garsoniere/iasi/pacurari/garsoniera-de-inchiriat-X907100ER, Pacurari, 240
2, 55, 4, 1990, 1, 1, https://www.imobiliare.ro/inchirieri-apartamente/iasi/gara/apartament-de-inchiriat-2-camere-X5AK1009L, Gara, 300
2, 63, 1, 1960, 1, 1, https://www.imobiliare.ro/inchirieri-apartamente/iasi/copou/apartament-de-inchiriat-2-camere-X0BG1003Q, Copou, 350
2, 55, 9, 1990, 1, 1, https://www.imobiliare.ro/inchirieri-apartamente/iasi/podu-ros/apartament-de-inchiriat-2-camere-X3N5000QA, Podu Ros, 280
2, 50, 0, 2018, 1, 1, https://www.imobiliare.ro/inchirieri-apartamente/iasi/moara-de-vant/apartament-de-inchiriat-2-camere-X511000AI, Moara de Vant, 300
1, 44, 5, 1990, 1, 1, https://www.imobiliare.ro/inchirieri-garsoniere/iasi/pacurari/garsoniera-de-inchiriat-X95I100A3, Pacurari, 250
1, 34, 4, 2015, 1, 1, https://www.imobiliare.ro/inchirieri-garsoniere/iasi/nicolina/garsoniera-de-inchiriat-X5AK100M0, Nicolina, 300
1, 41, 3, 1990, 1, 1, https://www.imobiliare.ro/inchirieri-garsoniere/iasi/nicolina/garsoniera-de-inchiriat-X3N5000QD, Nicolina, 240
2, 45, 2, 1977, 1, 1, https://www.imobiliare.ro/inchirieri-apartamente/iasi/podu-ros/apartament-de-inchiriat-2-camere-X3N5000S0, Podu Ros, 250
1, 30, 2, 2015, 1, 1, https://www.imobiliare.ro/inchirieri-garsoniere/iasi/centru-civic/garsoniera-de-inchiriat-X5AK100UG, Centru Civic, 299
2, 50, 0, 2019, 1, 1, https://www.imobiliare.ro/inchirieri-apartamente/iasi/pacurari/apartament-de-inchiriat-2-camere-X3N5000AD, Pacurari, 310
2, 50, 2, 1979, 1, 1, https://www.imobiliare.ro/inchirieri-apartamente/iasi/dacia/apartament-de-inchiriat-2-camere-X5AK10081, Dacia, 250
2, 49, 9, 2020, 1, 1, https://www.imobiliare.ro/inchirieri-apartamente/iasi/tudor-vladimirescu/apartament-de-inchiriat-2-camere-X8BK0000I, Tudor Vladimirescu, 450
3, 70, 5, 1980, 2, 1, https://www.imobiliare.ro/inchirieri-apartamente/iasi/centru-civic/apartament-de-inchiriat-3-camere-X7QB0000G, Centru Civic, 500
1, 35, 5, 2010, 1, 1, https://www.imobiliare.ro/inchirieri-garsoniere/iasi/nicolina/garsoniera-de-inchiriat-X3N50000P, Nicolina, 280
2, 60, 2, 2016, 1, 1, https://www.imobiliare.ro/inchirieri-apartamente/iasi/centru-civic/apartament-de-inchiriat-2-camere-X3N50000L, Centru Civic, 400
2, 40, 1, 1960, 1, 1, https://www.imobiliare.ro/inchirieri-apartamente/iasi/podu-ros/apartament-de-inchiriat-2-camere-X5Q11000G, Podu Ros, 300
2, 40, 1, 2010, 1, 1, https://www.imobiliare.ro/inchirieri-apartamente/iasi/bd-independentei/apartament-de-inchiriat-2-camere-X7J300029, Bd. Independenţei, 370
2, 45, 1, 2010, 1, 1, https://www.imobiliare.ro/inchirieri-apartamente/iasi/tatarasi/apartament-de-inchiriat-2-camere-XBQQ0000F, Tatarasi, 315
2, 48, 7, 2018, 1, 1, https://www.imobiliare.ro/inchirieri-apartamente/iasi/copou/apartament-de-inchiriat-2-camere-X3N5000RK, Copou, 370
1, 35, 3, 2019, 1, 1, https://www.imobiliare.ro/inchirieri-garsoniere/iasi/tatarasi/garsoniera-de-inchiriat-X5AK1005U, Tatarasi, 270
3, 60, 3, 1980, 1, 1, https://www.imobiliare.ro/inchirieri-apartamente/iasi/podu-ros/apartament-de-inchiriat-3-camere-X4A00000K, Podu Ros, 490
2, 60, 0, 2017, 1, 1, https://www.imobiliare.ro/inchirieri-apartamente/iasi/pacurari/apartament-de-inchiriat-2-camere-XBP60005E, Pacurari, 300
3, 60, 4, 1990, 1, 1, https://www.imobiliare.ro/inchirieri-apartamente/iasi/nicolina/apartament-de-inchiriat-3-camere-X9I50005D, Nicolina, 300
2, 45, 4, 2010, 1, 1, https://www.imobiliare.ro/inchirieri-apartamente/iasi/tatarasi/apartament-de-inchiriat-2-camere-XCAR00020, Tatarasi, 320
2, 43, 1, 1979, 1, 1, https://www.imobiliare.ro/inchirieri-apartamente/iasi/mircea-cel-batran/apartament-de-inchiriat-2-camere-X95I100BJ, Mircea cel Batran, 210
2, 50, 5, 1990, 1, 1, https://www.imobiliare.ro/inchirieri-apartamente/iasi/nicolina/apartament-de-inchiriat-2-camere-X3N5000Q7, Nicolina, 350
2, 68, 1, 2020, 1, 1, https://www.imobiliare.ro/inchirieri-apartamente/iasi/copou/apartament-de-inchiriat-2-camere-XC1V0001E, Copou, 420
2, 60, 2, 2020, 1, 1, https://www.imobiliare.ro/inchirieri-apartamente/iasi/tudor-vladimirescu/apartament-de-inchiriat-2-camere-X5AK100LF, Tudor Vladimirescu, 450
1, 32, 4, 2018, 1, 1, https://www.imobiliare.ro/inchirieri-garsoniere/iasi/centru-civic/garsoniera-de-inchiriat-XBP60005C, Centru Civic, 330
2, 65, 7, 2020, 1, 1, https://www.imobiliare.ro/inchirieri-apartamente/iasi/tudor-vladimirescu/apartament-de-inchiriat-2-camere-XB8810086, Tudor Vladimirescu, 399
3, 70, 1, 2018, 1, 1, https://www.imobiliare.ro/inchirieri-apartamente/iasi/copou/apartament-de-inchiriat-3-camere-XCBE10038, Copou, 390
2, 45, 4, 2010, 1, 1, https://www.imobiliare.ro/inchirieri-apartamente/iasi/tatarasi/apartament-de-inchiriat-2-camere-X4A00000J, Tatarasi, 300
2, 45, 5, 2020, 1, 1, https://www.imobiliare.ro/inchirieri-apartamente/iasi/podul-de-fier/apartament-de-inchiriat-2-camere-X3V4100Q3, Podul de Fier, 380
3, 75, 1, 1990, 2, 1, https://www.imobiliare.ro/inchirieri-apartamente/iasi/pacurari/apartament-de-inchiriat-3-camere-X3N5000Q4, Pacurari, 500
2, 54, 0, 1979, 1, 1, https://www.imobiliare.ro/inchirieri-apartamente/iasi/zimbru/apartament-de-inchiriat-2-camere-X3V41009J, Zimbru, 270
2, 50, 4, 1982, 1, 1, https://www.imobiliare.ro/inchirieri-apartamente/iasi/podul-de-fier/apartament-de-inchiriat-2-camere-X4A00000I, Podul de Fier, 330
2, 57, 2, 2010, 1, 1, https://www.imobiliare.ro/inchirieri-apartamente/iasi/copou/apartament-de-inchiriat-2-camere-X3N50006V, Copou, 450
2, 53, 0, 2019, 1, 1, https://www.imobiliare.ro/inchirieri-apartamente/iasi/popas-pacurari/apartament-de-inchiriat-2-camere-X4NS000FO, Popas Pacurari, 320
2, 50, 1, 1980, 1, 1, https://www.imobiliare.ro/inchirieri-apartamente/iasi/podu-ros/apartament-de-inchiriat-2-camere-X5AK100CM, Podu Ros, 400
2, 50, 5, 1980, 1, 1, https://www.imobiliare.ro/inchirieri-apartamente/iasi/frumoasa/apartament-de-inchiriat-2-camere-X5AK100LM, Frumoasa, 350
4, 92, 1, 1980, 1, 1, https://www.imobiliare.ro/inchirieri-apartamente/iasi/pacurari/apartament-de-inchiriat-4-camere-X511000D6, Pacurari, 550
1, 42, 1, 2020, 1, 1, https://www.imobiliare.ro/inchirieri-garsoniere/iasi/tatarasi/garsoniera-de-inchiriat-X5AK100RR, Tatarasi, 345
2, 46, 2, 2020, 1, 1, https://www.imobiliare.ro/inchirieri-apartamente/iasi/centru-civic/apartament-de-inchiriat-2-camere-X5AK10008, Centru Civic, 350
1, 42, 2, 2020, 1, 1, https://www.imobiliare.ro/inchirieri-garsoniere/iasi/popas-pacurari/garsoniera-de-inchiriat-X5AK100M4, Popas Pacurari, 250
1, 40, 0, 2000, 1, 1, https://www.imobiliare.ro/inchirieri-garsoniere/iasi/copou/garsoniera-de-inchiriat-X511000C9, Copou, 349
2, 55, 8, 2016, 1, 1, https://www.imobiliare.ro/inchirieri-apartamente/iasi/pacurari/apartament-de-inchiriat-2-camere-X3N5000QO, Pacurari, 300
2, 55, 3, 1986, 1, 1, https://www.imobiliare.ro/inchirieri-apartamente/iasi/tatarasi/apartament-de-inchiriat-2-camere-X7N21000V, Tatarasi, 270
2, 35, 1, 2018, 1, 1, https://www.imobiliare.ro/inchirieri-apartamente/iasi/palat/apartament-de-inchiriat-2-camere-XB841000I, Palat, 400
2, 48, 1, 2020, 1, 1, https://www.imobiliare.ro/inchirieri-apartamente/iasi/copou/apartament-de-inchiriat-2-camere-X3V4100BO, Copou, 450
2, 50, 2, 1984, 1, 1, https://www.imobiliare.ro/inchirieri-apartamente/iasi/alexandru-cel-bun/apartament-de-inchiriat-2-camere-X5Q11004I, Alexandru cel Bun, 330
1, 42, 2, 1980, 1, 1, https://www.imobiliare.ro/inchirieri-garsoniere/iasi/nicolina/garsoniera-de-inchiriat-X3N5000QK, Nicolina, 230
2, 60, 0, 2010, 1, 1, https://www.imobiliare.ro/inchirieri-apartamente/iasi/copou/apartament-de-inchiriat-2-camere-X3N500083, Copou, 400
2, 40, 1, 2014, 1, 1, https://www.imobiliare.ro/inchirieri-apartamente/iasi/central/apartament-de-inchiriat-2-camere-X95I1006V, Central, 250
2, 50, 9, 1970, 1, 1, https://www.imobiliare.ro/inchirieri-apartamente/iasi/podu-ros/apartament-de-inchiriat-2-camere-X5110003C, Podu Ros, 300
2, 65, 3, 2012, 1, 1, https://www.imobiliare.ro/inchirieri-apartamente/iasi/tudor-vladimirescu/apartament-de-inchiriat-2-camere-X5AK100KF, Tudor Vladimirescu, 350
2, 60, 1, 2016, 1, 1, https://www.imobiliare.ro/inchirieri-apartamente/iasi/podul-de-fier/apartament-de-inchiriat-2-camere-X3V4100GT, Podul de Fier, 350
1, 45, 1, 2019, 1, 1, https://www.imobiliare.ro/inchirieri-garsoniere/iasi/tudor-vladimirescu/garsoniera-de-inchiriat-X5AK100TF, Tudor Vladimirescu, 299
2, 45, 4, 2020, 1, 1, https://www.imobiliare.ro/inchirieri-apartamente/iasi/nicolina/apartament-de-inchiriat-2-camere-XB0A0001N, Nicolina, 300
1, 40, 12, 2020, 1, 1, https://www.imobiliare.ro/inchirieri-garsoniere/iasi/tudor-vladimirescu/garsoniera-de-inchiriat-X0BG100EK, Tudor Vladimirescu, 280
3, 65, 2, 1970, 1, 1, https://www.imobiliare.ro/inchirieri-apartamente/iasi/independentei/apartament-de-inchiriat-3-camere-X5110001P, Independenţei, 499
2, 48, 4, 2020, 1, 1, https://www.imobiliare.ro/inchirieri-apartamente/iasi/copou/apartament-de-inchiriat-2-camere-XBP60003F, Copou, 500
2, 50, 4, 1961, 1, 1, https://www.imobiliare.ro/inchirieri-apartamente/iasi/podu-ros/apartament-de-inchiriat-2-camere-X5110008G, Podu Ros, 299
2, 45, 2, 1977, 1, 1, https://www.imobiliare.ro/inchirieri-apartamente/iasi/podu-ros/apartament-de-inchiriat-2-camere-X3N5000QC, Podu Ros, 250
2, 55, 8, 2010, 1, 1, https://www.imobiliare.ro/inchirieri-apartamente/iasi/tudor-vladimirescu/apartament-de-inchiriat-2-camere-XCAR00027, Tudor Vladimirescu, 350
2, 50, 5, 2020, 1, 1, https://www.imobiliare.ro/inchirieri-apartamente/iasi/ciric/apartament-de-inchiriat-2-camere-X3N50004R, Ciric, 330
2, 60, 2, 2018, 1, 1, https://www.imobiliare.ro/inchirieri-apartamente/iasi/pacurari/apartament-de-inchiriat-2-camere-X907100FC, Pacurari, 250
1, 40, 0, 2018, 1, 1, https://www.imobiliare.ro/inchirieri-garsoniere/iasi/nicolina/garsoniera-de-inchiriat-X3V4100A4, Nicolina, 250
2, 65, 2, 2016, 1, 1, https://www.imobiliare.ro/inchirieri-apartamente/iasi/copou/apartament-de-inchiriat-2-camere-X3V4100HG, Copou, 450
2, 45, 3, 1985, 1, 1, https://www.imobiliare.ro/inchirieri-apartamente/iasi/mircea-cel-batran/apartament-de-inchiriat-2-camere-X90710059, Mircea cel Batran, 280
2, 58, 1, 1990, 1, 1, https://www.imobiliare.ro/inchirieri-apartamente/iasi/centru-civic/apartament-de-inchiriat-2-camere-X5AK1008R, Centru Civic, 320
1, 30, 5, 1977, 1, 1, https://www.imobiliare.ro/inchirieri-garsoniere/iasi/tatarasi/garsoniera-de-inchiriat-X9I50001T, Tatarasi, 200
1, 17, 1, 1990, 1, 1, https://www.imobiliare.ro/inchirieri-garsoniere/iasi/frumoasa/garsoniera-de-inchiriat-X3N5000P3, Frumoasa, 180
1, 40, 1, 1990, 1, 1, https://www.imobiliare.ro/inchirieri-garsoniere/iasi/centru-civic/garsoniera-de-inchiriat-X9I50002E, Centru Civic, 290
2, 58, 3, 1990, 1, 1, https://www.imobiliare.ro/inchirieri-apartamente/iasi/tatarasi/apartament-de-inchiriat-2-camere-XCBE10042, Tatarasi, 380
2, 50, 2, 2019, 1, 1, https://www.imobiliare.ro/inchirieri-apartamente/iasi/tudor-vladimirescu/apartament-de-inchiriat-2-camere-X0BG100DT, Tudor Vladimirescu, 450
3, 150, 4, 1990, 2, 1, https://www.imobiliare.ro/inchirieri-apartamente/iasi/targu-cucu/apartament-de-inchiriat-3-camere-X9PD0002Q, Targu Cucu, 700
2, 50, 4, 2019, 1, 1, https://www.imobiliare.ro/inchirieri-apartamente/iasi/copou/apartament-de-inchiriat-2-camere-X5AK10045, Copou, 430
2, 45, 0, 2015, 1, 1, https://www.imobiliare.ro/inchirieri-apartamente/iasi/pacurari/apartament-de-inchiriat-2-camere-X9CJ0002U, Pacurari, 290
1, 35, 3, 1980, 1, 1, https://www.imobiliare.ro/inchirieri-garsoniere/iasi/nicolina/garsoniera-de-inchiriat-X5110001I, Nicolina, 229
1, 40, 7, 2010, 1, 1, https://www.imobiliare.ro/inchirieri-garsoniere/iasi/tudor-vladimirescu/garsoniera-de-inchiriat-X3N50002N, Tudor Vladimirescu, 320
2, 55, 2, 1977, 1, 1, https://www.imobiliare.ro/inchirieri-apartamente/iasi/podu-ros/apartament-de-inchiriat-2-camere-X3N5000Q0, Podu Ros, 270
2, 55, 10, 2019, 1, 1, https://www.imobiliare.ro/inchirieri-apartamente/iasi/tudor-vladimirescu/apartament-de-inchiriat-2-camere-X5AK100CQ, Tudor Vladimirescu, 550
3, 68, 0, 2006, 1, 1, https://www.imobiliare.ro/inchirieri-apartamente/iasi/podul-de-piatra/apartament-de-inchiriat-3-camere-XB5T1004B, Podul de Piatra, 450
1, 35, 1, 2020, 1, 1, https://www.imobiliare.ro/inchirieri-garsoniere/iasi/central/garsoniera-de-inchiriat-X3V410008, Central, 320
1, 50, 9, 1985, 1, 1, https://www.imobiliare.ro/inchirieri-garsoniere/iasi/pacurari/garsoniera-de-inchiriat-X3N500040, Pacurari, 230
1, 30, 1, 2018, 1, 1, https://www.imobiliare.ro/inchirieri-garsoniere/iasi/tatarasi/garsoniera-de-inchiriat-X5AK100TV, Tatarasi, 250
2, 40, 2, 2016, 1, 1, https://www.imobiliare.ro/inchirieri-apartamente/iasi/central/apartament-de-inchiriat-2-camere-X5AK100KV, Central, 380
3, 75, 3, 1990, 2, 1, https://www.imobiliare.ro/inchirieri-apartamente/iasi/nicolina/apartament-de-inchiriat-3-camere-X3N5000OQ, Nicolina, 400
2, 50, 0, 2017, 1, 1, https://www.imobiliare.ro/inchirieri-apartamente/iasi/nicolina/apartament-de-inchiriat-2-camere-X3N500018, Nicolina, 280
4, 180, 5, 2017, 2, 1, https://www.imobiliare.ro/inchirieri-apartamente/iasi/copou/apartament-de-inchiriat-4-camere-X0BG100EA, Copou, 1.8
3, 65, 1, 2016, 1, 1, https://www.imobiliare.ro/inchirieri-apartamente/iasi/nicolina/apartament-de-inchiriat-3-camere-X3N500010, Nicolina, 300
4, 90, 5, 1984, 2, 1, https://www.imobiliare.ro/inchirieri-apartamente/iasi/independentei/apartament-de-inchiriat-4-camere-X5Q110064, Independenţei, 650
3, 70, 3, 1986, 2, 1, https://www.imobiliare.ro/inchirieri-apartamente/iasi/pacurari/apartament-de-inchiriat-3-camere-X5AK100PV, Pacurari, 280
3, 55, 3, 1970, 1, 1, https://www.imobiliare.ro/inchirieri-apartamente/iasi/podu-ros/apartament-de-inchiriat-3-camere-X0QL1002A, Podu Ros, 300
2, 44, 7, 2019, 1, 1, https://www.imobiliare.ro/inchirieri-apartamente/iasi/serele-visoianu/apartament-de-inchiriat-2-camere-XC491003F, Serele Visoianu, 250
1, 39, 9, 2019, 1, 1, https://www.imobiliare.ro/inchirieri-garsoniere/iasi/tudor-vladimirescu/garsoniera-de-inchiriat-XBP60005B, Tudor Vladimirescu, 300
2, 50, 0, 1980, 1, 1, https://www.imobiliare.ro/inchirieri-apartamente/iasi/tatarasi/apartament-de-inchiriat-2-camere-X0BG1005G, Tatarasi, 270
1, 42, 3, 1989, 1, 1, https://www.imobiliare.ro/inchirieri-garsoniere/iasi/gara/garsoniera-de-inchiriat-X4Q2000U0, Gara, 280
2, 50, 4, 1980, 1, 1, https://www.imobiliare.ro/inchirieri-apartamente/iasi/gara/apartament-de-inchiriat-2-camere-X51100011, Gara, 299
2, 54, 1, 2019, 1, 1, https://www.imobiliare.ro/inchirieri-apartamente/iasi/moara-de-vant/apartament-de-inchiriat-2-camere-X0BG100DJ, Moara de Vant, 400
2, 56, 3, 2020, 1, 1, https://www.imobiliare.ro/inchirieri-apartamente/iasi/pacurari/apartament-de-inchiriat-2-camere-X3N5000NO, Pacurari, 240
2, 55, 2, 2018, 1, 1, https://www.imobiliare.ro/inchirieri-apartamente/iasi/copou/apartament-de-inchiriat-2-camere-X5AK100EB, Copou, 399
1, 35, 0, 2015, 1, 1, https://www.imobiliare.ro/inchirieri-garsoniere/iasi/tatarasi/garsoniera-de-inchiriat-XB881002H, Tatarasi, 250
2, 55, 0, 2020, 1, 1, https://www.imobiliare.ro/inchirieri-apartamente/iasi/podul-de-fier/apartament-de-inchiriat-2-camere-X3V4100Q6, Podul de Fier, 300
2, 44, 2, 2019, 1, 1, https://www.imobiliare.ro/inchirieri-apartamente/iasi/central/apartament-de-inchiriat-2-camere-X3V4100TI, Central, 270
1, 32, 2, 1989, 1, 1, https://www.imobiliare.ro/inchirieri-garsoniere/iasi/central/garsoniera-de-inchiriat-X0BG100E0, Central, 280
2, 57, 7, 1985, 1, 1, https://www.imobiliare.ro/inchirieri-apartamente/iasi/tudor-vladimirescu/apartament-de-inchiriat-2-camere-X907100ET, Tudor Vladimirescu, 480
3, 65, 0, 2010, 1, 1, https://www.imobiliare.ro/inchirieri-apartamente/iasi/nicolina/apartament-de-inchiriat-3-camere-X3N5000RV, Nicolina, 300
2, 35, 0, 1975, 1, 1, https://www.imobiliare.ro/inchirieri-apartamente/iasi/alexandru-cel-bun/apartament-de-inchiriat-2-camere-X0BG1005L, Alexandru cel Bun, 230
2, 50, 0, 1990, 1, 1, https://www.imobiliare.ro/inchirieri-apartamente/iasi/centru-civic/apartament-de-inchiriat-2-camere-X3N5000R0, Centru Civic, 320
2, 48, 7, 2015, 1, 1, https://www.imobiliare.ro/inchirieri-apartamente/iasi/tatarasi/apartament-de-inchiriat-2-camere-XCC700014, Tatarasi, 260
1, 40, 4, 1986, 1, 1, https://www.imobiliare.ro/inchirieri-garsoniere/iasi/arcu/garsoniera-de-inchiriat-X4A00000L, Arcu, 330
2, 54, 2, 1988, 1, 1, https://www.imobiliare.ro/inchirieri-apartamente/iasi/targu-cucu/apartament-de-inchiriat-2-camere-XCBE1003U, Targu Cucu, 350
1, 36, 12, 2019, 1, 1, https://www.imobiliare.ro/inchirieri-garsoniere/iasi/tudor-vladimirescu/garsoniera-de-inchiriat-X3N50000I, Tudor Vladimirescu, 300
2, 65, 6, 2000, 1, 1, https://www.imobiliare.ro/inchirieri-apartamente/iasi/centru-civic/apartament-de-inchiriat-2-camere-X7QB0000A, Centru Civic, 350
1, 35, 0, 1977, 1, 1, https://www.imobiliare.ro/inchirieri-garsoniere/iasi/copou/garsoniera-de-inchiriat-X9I50002V, Copou, 250
2, 47, 6, 2020, 1, 1, https://www.imobiliare.ro/inchirieri-apartamente/iasi/tudor-vladimirescu/apartament-de-inchiriat-2-camere-X5AK1005G, Tudor Vladimirescu, 360
3, 74, 6, 1988, 1, 1, https://www.imobiliare.ro/inchirieri-apartamente/iasi/central/apartament-de-inchiriat-3-camere-X0BG1001T, Central, 550
2, 56, 1, 1980, 1, 1, https://www.imobiliare.ro/inchirieri-apartamente/iasi/metalurgie/apartament-de-inchiriat-2-camere-X9SI0000M, Metalurgie, 330
1, 35, 1, 2010, 1, 1, https://www.imobiliare.ro/inchirieri-garsoniere/iasi/copou/garsoniera-de-inchiriat-X3N5000NM, Copou, 300
1, 24, 3, 1978, 1, 1, https://www.imobiliare.ro/inchirieri-garsoniere/iasi/pascani/garsoniera-de-inchiriat-X81C100QD, Nord, 400
2, 57, 2, 1987, 1, 1, https://www.imobiliare.ro/inchirieri-apartamente/iasi/frumoasa/apartament-de-inchiriat-2-camere-X3V4100HH, Frumoasa, 300
2, 50, 2, 1977, 1, 1, https://www.imobiliare.ro/inchirieri-apartamente/iasi/tudor-vladimirescu/apartament-de-inchiriat-2-camere-X5AK100PF, Tudor Vladimirescu, 299
2, 45, 4, 2020, 1, 1, http://www.imobiliare.ro/inchirieri-apartamente/iasi/cug/apartament-de-inchiriat-2-camere-X7MQ000AK, Cug, 235
2, 56, 1, 1991, 1, 1, https://www.imobiliare.ro/inchirieri-apartamente/iasi/central/apartament-de-inchiriat-2-camere-XCBE1003T, Central, 350
2, 55, 1, 2000, 1, 1, https://www.imobiliare.ro/inchirieri-apartamente/iasi/cug/apartament-de-inchiriat-2-camere-X3N500079, Cug, 290
1, 33, 6, 1990, 1, 1, https://www.imobiliare.ro/inchirieri-garsoniere/iasi/podu-ros/garsoniera-de-inchiriat-X3N5000P0, Podu Ros, 185
2, 58, 5, 2008, 1, 1, https://www.imobiliare.ro/inchirieri-apartamente/iasi/tatarasi/apartament-de-inchiriat-2-camere-X3N5000S6, Tatarasi, 330
1, 40, 2, 1980, 1, 1, https://www.imobiliare.ro/inchirieri-garsoniere/iasi/podu-ros/garsoniera-de-inchiriat-X51100025, Podu Ros, 290
2, 50, 5, 2020, 1, 1, https://www.imobiliare.ro/inchirieri-apartamente/iasi/moara-de-vant/apartament-de-inchiriat-2-camere-X9PD0002P, Moara de Vant, 350
3, 61, 4, 1982, 1, 1, https://www.imobiliare.ro/inchirieri-apartamente/iasi/pacurari/apartament-de-inchiriat-3-camere-XBP600045, Pacurari, 360
2, 50, 4, 2010, 1, 1, https://www.imobiliare.ro/inchirieri-apartamente/iasi/copou/apartament-de-inchiriat-2-camere-X3N5000NS, Copou, 350
2, 55, 1, 1984, 1, 1, https://www.imobiliare.ro/inchirieri-apartamente/iasi/centru-civic/apartament-de-inchiriat-2-camere-X3V4100MF, Centru Civic, 450
2, 50, 0, 2016, 1, 1, https://www.imobiliare.ro/inchirieri-apartamente/iasi/bucsinescu/apartament-de-inchiriat-2-camere-XAM500002, Bucsinescu, 850
2, 55, 2, 1977, 1, 1, https://www.imobiliare.ro/inchirieri-apartamente/iasi/piata-unirii/apartament-de-inchiriat-2-camere-X3N5000PV, Piaţa Unirii, 330
2, 52, 3, 1989, 1, 1, https://www.imobiliare.ro/inchirieri-apartamente/iasi/central/apartament-de-inchiriat-2-camere-XCBE1004H, Central, 330
1, 36, 2, 1990, 1, 1, https://www.imobiliare.ro/inchirieri-garsoniere/iasi/nicolina/garsoniera-de-inchiriat-X9BO000C1, Nicolina, 250
1, 30, 2, 2016, 1, 1, https://www.imobiliare.ro/inchirieri-garsoniere/iasi/copou/garsoniera-de-inchiriat-X4A00000F, Copou, 300
3, 70, 6, 1984, 2, 1, https://www.imobiliare.ro/inchirieri-apartamente/iasi/centru-civic/apartament-de-inchiriat-3-camere-X95I1004L, Centru Civic, 500
2, 45, 2, 2014, 1, 1, https://www.imobiliare.ro/inchirieri-apartamente/iasi/tatarasi/apartament-de-inchiriat-2-camere-XBP600013, Tatarasi, 350
3, 75, 2, 1980, 1, 1, https://www.imobiliare.ro/inchirieri-apartamente/iasi/gara/apartament-de-inchiriat-3-camere-X5110006Q, Gara, 379
2, 50, 3, 2016, 1, 1, https://www.imobiliare.ro/inchirieri-apartamente/iasi/tatarasi/apartament-de-inchiriat-2-camere-X5AK100QI, Tatarasi, 370
2, 55, 2, 1985, 1, 1, https://www.imobiliare.ro/inchirieri-apartamente/iasi/nicolina/apartament-de-inchiriat-2-camere-X9071004Q, Nicolina, 270
3, 65, 6, 2020, 1, 1, https://www.imobiliare.ro/inchirieri-apartamente/iasi/centru-civic/apartament-de-inchiriat-3-camere-XB0A0001K, Centru Civic, 600
1, 35, 3, 2000, 1, 1, https://www.imobiliare.ro/inchirieri-garsoniere/iasi/granit/garsoniera-de-inchiriat-XCAR0000N, Granit, 200
2, 50, 0, 1990, 1, 1, https://www.imobiliare.ro/inchirieri-apartamente/iasi/podul-de-piatra/apartament-de-inchiriat-2-camere-X3N50003F, Podul de Piatra, 300
1, 36, 4, 2020, 1, 1, https://www.imobiliare.ro/inchirieri-garsoniere/iasi/nicolina/garsoniera-de-inchiriat-X0BG1000M, Nicolina, 300
2, 52, 3, 2010, 1, 1, https://www.imobiliare.ro/inchirieri-apartamente/iasi/tatarasi/apartament-de-inchiriat-2-camere-XAV81002F, Tatarasi, 350
2, 57, 6, 2020, 1, 1, https://www.imobiliare.ro/inchirieri-apartamente/iasi/tatarasi/apartament-de-inchiriat-2-camere-X3V4100HL, Tatarasi, 350
1, 26, 1, 1980, 1, 1, https://www.imobiliare.ro/inchirieri-garsoniere/iasi/nicolina/garsoniera-de-inchiriat-X95I100AN, Nicolina, 180
2, 48, 0, 2019, 1, 1, https://www.imobiliare.ro/inchirieri-apartamente/iasi/pacurari/apartament-de-inchiriat-2-camere-X0BG10084, Pacurari, 350
2, 50, 1, 1990, 1, 1, https://www.imobiliare.ro/inchirieri-apartamente/iasi/gara/apartament-de-inchiriat-2-camere-X9I50001O, Gara, 280
2, 55, 4, 1985, 1, 1, https://www.imobiliare.ro/inchirieri-apartamente/iasi/pacurari/apartament-de-inchiriat-2-camere-X5AK1000I, Pacurari, 320
3, 63, 2, 2013, 1, 1, https://www.imobiliare.ro/inchirieri-apartamente/iasi/nicolina/apartament-de-inchiriat-3-camere-X3N5000RC, Nicolina, 360
1, 21, 1, 2014, 1, 1, https://www.imobiliare.ro/inchirieri-garsoniere/iasi/copou/garsoniera-de-inchiriat-X7M20002E, Copou, 180
2, 60, 3, 2020, 1, 1, https://www.imobiliare.ro/inchirieri-apartamente/iasi/pacurari/apartament-de-inchiriat-2-camere-X3N5000O1, Pacurari, 240
1, 44, 6, 1988, 1, 1, https://www.imobiliare.ro/inchirieri-garsoniere/iasi/gara/garsoniera-de-inchiriat-X95I10051, Gara, 260
1, 22, 2, 1979, 1, 1, https://www.imobiliare.ro/inchirieri-garsoniere/iasi/podu-ros/garsoniera-de-inchiriat-X3N5000P2, Podu Ros, 150
2, 50, 4, 2018, 1, 1, https://www.imobiliare.ro/inchirieri-apartamente/iasi/tatarasi/apartament-de-inchiriat-2-camere-X5AK100K2, Tatarasi, 350
1, 46, 3, 2020, 1, 1, https://www.imobiliare.ro/inchirieri-garsoniere/iasi/centru-civic/garsoniera-de-inchiriat-X95I10036, Centru Civic, 350
3, 100, 5, 1980, 1, 1, https://www.imobiliare.ro/inchirieri-apartamente/iasi/gara/apartament-de-inchiriat-3-camere-X511000GG, Gara, 599
2, 52, 2, 2020, 1, 1, https://www.imobiliare.ro/inchirieri-apartamente/iasi/copou/apartament-de-inchiriat-2-camere-XV0K009NL, Copou, 450
1, 40, 6, 1990, 1, 1, https://www.imobiliare.ro/inchirieri-garsoniere/iasi/dacia/garsoniera-de-inchiriat-X3N50004H, Dacia, 300
2, 60, 3, 1960, 1, 1, https://www.imobiliare.ro/inchirieri-apartamente/iasi/copou/apartament-de-inchiriat-2-camere-X0BG100F0, Copou, 450
2, 60, 0, 2020, 1, 1, https://www.imobiliare.ro/inchirieri-apartamente/iasi/moara-de-vant/apartament-de-inchiriat-2-camere-X5Q11009G, Moara de Vant, 400
2, 45, 1, 2019, 1, 1, https://www.imobiliare.ro/inchirieri-apartamente/iasi/podul-de-fier/apartament-de-inchiriat-2-camere-X3V4100C4, Podul de Fier, 350
3, 80, 1, 2020, 2, 1, https://www.imobiliare.ro/inchirieri-apartamente/iasi/podul-de-fier/apartament-de-inchiriat-3-camere-XCBE1003V, Podul de Fier, 480
2, 50, 4, 2010, 1, 1, https://www.imobiliare.ro/inchirieri-apartamente/iasi/copou/apartament-de-inchiriat-2-camere-X3N500072, Copou, 430
1, 39, 9, 1980, 1, 1, https://www.imobiliare.ro/inchirieri-garsoniere/iasi/nicolina/garsoniera-de-inchiriat-XB841000G, Nicolina, 235
2, 50, 4, 1990, 1, 1, https://www.imobiliare.ro/inchirieri-apartamente/iasi/podu-ros/apartament-de-inchiriat-2-camere-X3N5000Q5, Podu Ros, 350
2, 39, 2, 2019, 1, 1, https://www.imobiliare.ro/inchirieri-apartamente/iasi/pacurari/apartament-de-inchiriat-2-camere-X3V4100GO, Pacurari, 280
3, 75, 1, 2018, 1, 1, https://www.imobiliare.ro/inchirieri-apartamente/iasi/pacurari/apartament-de-inchiriat-3-camere-X3N50005H, Pacurari, 260
1, 36, 7, 1977, 1, 1, https://www.imobiliare.ro/inchirieri-garsoniere/iasi/podu-ros/garsoniera-de-inchiriat-X3N5000Q8, Podu Ros, 250
3, 70, 7, 1980, 1, 1, https://www.imobiliare.ro/inchirieri-apartamente/iasi/centru-civic/apartament-de-inchiriat-3-camere-X3N5000QE, Centru Civic, 360
2, 38, 1, 2019, 1, 1, https://www.imobiliare.ro/inchirieri-apartamente/iasi/centru-civic/apartament-de-inchiriat-2-camere-X9I50003I, Centru Civic, 400
1, 25, 0, 2016, 1, 1, https://www.imobiliare.ro/inchirieri-garsoniere/iasi/centru-civic/garsoniera-de-inchiriat-X9I500064, Centru Civic, 270
2, 48, 0, 2019, 1, 1, https://www.imobiliare.ro/vanzare-apartamente/iasi/pacurari/apartament-de-vanzare-sau-de-inchiriat-2-camere-XC3U00009, Pacurari, 39
2, 55, 4, 1985, 1, 1, https://www.imobiliare.ro/inchirieri-apartamente/iasi/alexandru-cel-bun/apartament-de-inchiriat-2-camere-X5AK10096, Alexandru cel Bun, 299
1, 24, 4, 1990, 1, 1, https://www.imobiliare.ro/inchirieri-garsoniere/iasi/podu-ros/garsoniera-de-inchiriat-X3N5000R2, Podu Ros, 200
2, 50, 1, 1984, 1, 1, https://www.imobiliare.ro/inchirieri-apartamente/iasi/nicolina/apartament-de-inchiriat-2-camere-X3N5000QP, Nicolina, 300
1, 32, 8, 1980, 1, 1, https://www.imobiliare.ro/inchirieri-garsoniere/iasi/tatarasi/garsoniera-de-inchiriat-X0BG100ET, Tatarasi, 150
2, 55, 1, 1986, 1, 1, https://www.imobiliare.ro/inchirieri-apartamente/iasi/nicolina/apartament-de-inchiriat-2-camere-X4NS000FH, Nicolina, 280
1, 42, 5, 1990, 1, 1, https://www.imobiliare.ro/inchirieri-garsoniere/iasi/gara/garsoniera-de-inchiriat-X3N500048, Gara, 270
3, 100, 3, 1990, 2, 1, https://www.imobiliare.ro/inchirieri-apartamente/iasi/nicolina/apartament-de-inchiriat-3-camere-X3V4100R9, Nicolina, 400
3, 76, 4, 1986, 1, 1, https://www.imobiliare.ro/inchirieri-apartamente/iasi/podul-de-fier/apartament-de-inchiriat-3-camere-XCBE10046, Podul de Fier, 450
1, 30, 0, 1977, 1, 1, https://www.imobiliare.ro/inchirieri-garsoniere/iasi/tatarasi/garsoniera-de-inchiriat-X3N50006P, Tatarasi, 220
2, 47, 0, 1990, 1, 1, https://www.imobiliare.ro/inchirieri-apartamente/iasi/podu-ros/apartament-de-inchiriat-2-camere-X3N500025, Podu Ros, 270
2, 55, 0, 2020, 1, 1, https://www.imobiliare.ro/inchirieri-apartamente/iasi/podul-de-fier/apartament-de-inchiriat-2-camere-X3V4100CQ, Podul de Fier, 300
2, 50, 3, 1980, 1, 1, https://www.imobiliare.ro/inchirieri-apartamente/iasi/dacia/apartament-de-inchiriat-2-camere-XA6H00145, Dacia, 230
2, 45, 5, 2010, 1, 1, https://www.imobiliare.ro/inchirieri-apartamente/iasi/bucium/apartament-de-inchiriat-2-camere-XCAR0001R, Bucium, 310
2, 45, 5, 2010, 1, 1, https://www.imobiliare.ro/inchirieri-apartamente/iasi/centru-civic/apartament-de-inchiriat-2-camere-X3N50002J, Centru Civic, 330
2, 45, 3, 1977, 1, 1, https://www.imobiliare.ro/inchirieri-apartamente/iasi/ultracentral/apartament-de-inchiriat-2-camere-XB0A0000J, Ultracentral, 350
3, 100, 1, 1978, 1, 1, https://www.imobiliare.ro/inchirieri-apartamente/iasi/central/apartament-de-inchiriat-3-camere-XAF81000A, Central, 500
3, 80, 6, 1980, 2, 1, https://www.imobiliare.ro/inchirieri-apartamente/iasi/central/apartament-de-inchiriat-3-camere-X3V4100S4, Central, 780
3, 55, 4, 1971, 1, 1, https://www.imobiliare.ro/inchirieri-apartamente/iasi/alexandru-cel-bun/apartament-de-inchiriat-3-camere-X3V41009H, Alexandru cel Bun, 300
2, 50, 7, 1978, 1, 1, https://www.imobiliare.ro/inchirieri-apartamente/iasi/central/apartament-de-inchiriat-2-camere-X0BG100EH, Central, 350
1, 40, 6, 2010, 1, 1, https://www.imobiliare.ro/inchirieri-garsoniere/iasi/tudor-vladimirescu/garsoniera-de-inchiriat-X3N50002E, Tudor Vladimirescu, 330
1, 38, 3, 1979, 1, 1, https://www.imobiliare.ro/inchirieri-garsoniere/iasi/gara/garsoniera-de-inchiriat-X95I10015, Gara, 250
3, 60, 2, 2017, 1, 1, https://www.imobiliare.ro/inchirieri-apartamente/iasi/centru-civic/apartament-de-inchiriat-3-camere-X3N50000O, Centru Civic, 400
2, 60, 5, 2011, 1, 1, https://www.imobiliare.ro/inchirieri-apartamente/iasi/nicolina/apartament-de-inchiriat-2-camere-XAV810015, Nicolina, 300
3, 65, 2, 1990, 1, 1, https://www.imobiliare.ro/inchirieri-apartamente/iasi/pacurari/apartament-de-inchiriat-3-camere-X3N5000R4, Pacurari, 300
2, 50, 2, 1990, 1, 1, https://www.imobiliare.ro/inchirieri-apartamente/iasi/podul-de-fier/apartament-de-inchiriat-2-camere-X3N50003L, Podul de Fier, 325
3, 100, 10, 1988, 2, 1, https://www.imobiliare.ro/inchirieri-apartamente/iasi/nicolina/apartament-de-inchiriat-3-camere-X4NS0008N, Nicolina, 350
1, 30, 4, 1990, 1, 1, https://www.imobiliare.ro/inchirieri-garsoniere/iasi/podul-de-piatra/garsoniera-de-inchiriat-X3N500044, Podul de Piatra, 230
2, 58, 4, 2019, 1, 1, https://www.imobiliare.ro/inchirieri-apartamente/iasi/copou/apartament-de-inchiriat-2-camere-XBP60003G, Copou, 550
2, 45, 0, 2010, 1, 1, https://www.imobiliare.ro/inchirieri-apartamente/iasi/tatarasi/apartament-de-inchiriat-2-camere-XCAR0001Q, Tatarasi, 280
2, 45, 0, 2010, 1, 1, https://www.imobiliare.ro/inchirieri-apartamente/iasi/galata/apartament-de-inchiriat-2-camere-XCAR0001T, Galata, 300
1, 30, 2, 2016, 1, 1, https://www.imobiliare.ro/inchirieri-garsoniere/iasi/copou/garsoniera-de-inchiriat-XB0A0001L, Copou, 300
1, 44, 3, 2020, 1, 1, https://www.imobiliare.ro/inchirieri-garsoniere/iasi/centru-civic/garsoniera-de-inchiriat-XBP60004H, Centru Civic, 350
2, 54, 1, 2017, 1, 1, https://www.imobiliare.ro/inchirieri-apartamente/iasi/tudor-vladimirescu/apartament-de-inchiriat-2-camere-XAV810029, Tudor Vladimirescu, 460
3, 62, 2, 2010, 1, 1, https://www.imobiliare.ro/inchirieri-apartamente/iasi/centru-civic/apartament-de-inchiriat-3-camere-X3N5000QL, Centru Civic, 500
2, 52, 5, 2016, 1, 1, https://www.imobiliare.ro/inchirieri-apartamente/iasi/copou/apartament-de-inchiriat-2-camere-X5AK100RS, Copou, 299
3, 83, 6, 1980, 1, 1, https://www.imobiliare.ro/inchirieri-apartamente/iasi/centru-civic/apartament-de-inchiriat-3-camere-X3V4100EI, Centru Civic, 600
1, 35, 6, 1990, 1, 1, https://www.imobiliare.ro/inchirieri-garsoniere/iasi/tatarasi/garsoniera-de-inchiriat-X3N50004A, Tatarasi, 250
2, 55, 7, 1976, 1, 1, https://www.imobiliare.ro/inchirieri-apartamente/iasi/bd-independentei/apartament-de-inchiriat-2-camere-XCC700012, Bd. Independenţei, 350
3, 67, 4, 1984, 1, 1, https://www.imobiliare.ro/inchirieri-apartamente/iasi/gara/apartament-de-inchiriat-3-camere-X0BG100ED, Gara, 430
3, 80, 2, 1991, 2, 1, https://www.imobiliare.ro/inchirieri-apartamente/iasi/central/apartament-de-inchiriat-3-camere-X0BG100EM, Central, 490
2, 50, 0, 1965, 1, 1, https://www.imobiliare.ro/inchirieri-apartamente/iasi/podu-ros/apartament-de-inchiriat-2-camere-XB0A0001P, Podu Ros, 350
3, 60, 1, 2020, 1, 1, https://www.imobiliare.ro/inchirieri-apartamente/iasi/letcani/apartament-de-inchiriat-3-camere-X7TG00004, Iasi, 160
4, 100, 2, 1985, 3, 1, https://www.imobiliare.ro/inchirieri-apartamente/iasi/central/apartament-de-inchiriat-4-camere-X0BG10052, Central, 850
1, 30, 4, 1977, 1, 1, https://www.imobiliare.ro/inchirieri-garsoniere/iasi/podul-de-piatra/garsoniera-de-inchiriat-X9I500057, Podul de Piatra, 230
3, 54, 2, 1979, 1, 1, https://www.imobiliare.ro/inchirieri-apartamente/iasi/mircea-cel-batran/apartament-de-inchiriat-3-camere-X95I100BV, Mircea cel Batran, 150
1, 30, 8, 1980, 1, 1, https://www.imobiliare.ro/inchirieri-garsoniere/iasi/nicolina/garsoniera-de-inchiriat-X5110006H, Nicolina, 249
2, 52, 5, 2018, 1, 1, https://www.imobiliare.ro/inchirieri-apartamente/iasi/pacurari/apartament-de-inchiriat-2-camere-X95I10020, Pacurari, 320
2, 45, 3, 2010, 1, 1, https://www.imobiliare.ro/inchirieri-apartamente/iasi/nicolina/apartament-de-inchiriat-2-camere-X3N50002Q, Nicolina, 340
3, 72, 2, 1985, 2, 1, https://www.imobiliare.ro/inchirieri-apartamente/iasi/central/apartament-de-inchiriat-3-camere-XCBE1004I, Central, 400
1, 42, 3, 1990, 1, 1, https://www.imobiliare.ro/inchirieri-garsoniere/iasi/moara-de-foc/garsoniera-de-inchiriat-X3N5000PQ, Moara de foc, 290
1, 40, 10, 2020, 1, 1, https://www.imobiliare.ro/inchirieri-garsoniere/iasi/tudor-vladimirescu/garsoniera-de-inchiriat-XC4910007, Tudor Vladimirescu, 300
1, 33, 0, 1985, 1, 1, https://www.imobiliare.ro/inchirieri-garsoniere/iasi/frumoasa/garsoniera-de-inchiriat-X907100BD, Frumoasa, 210
3, 74, 3, 1979, 1, 1, https://www.imobiliare.ro/inchirieri-apartamente/iasi/central/apartament-de-inchiriat-3-camere-X7N21000S, Central, 650
1, 35, 3, 2018, 1, 1, https://www.imobiliare.ro/inchirieri-garsoniere/iasi/pacurari/garsoniera-de-inchiriat-X3N5000P5, Pacurari, 250
1, 30, 0, 2019, 1, 1, https://www.imobiliare.ro/inchirieri-garsoniere/iasi/centru-civic/garsoniera-de-inchiriat-XBP60009P, Centru Civic, 340
2, 55, 4, 2010, 1, 1, https://www.imobiliare.ro/inchirieri-apartamente/iasi/tatarasi/apartament-de-inchiriat-2-camere-X3N5000O8, Tatarasi, 250
1, 26, 2, 1980, 1, 1, https://www.imobiliare.ro/inchirieri-garsoniere/iasi/nicolina/garsoniera-de-inchiriat-X95I100B1, Nicolina, 200
2, 56, 2, 2019, 1, 1, https://www.imobiliare.ro/inchirieri-apartamente/iasi/tudor-vladimirescu/apartament-de-inchiriat-2-camere-X5AK1004G, Tudor Vladimirescu, 450
2, 48, 0, 1982, 1, 1, https://www.imobiliare.ro/inchirieri-apartamente/iasi/centru-civic/apartament-de-inchiriat-2-camere-X95I100AC, Centru Civic, 350
2, 72, 3, 2010, 1, 1, https://www.imobiliare.ro/inchirieri-apartamente/iasi/targu-cucu/apartament-de-inchiriat-2-camere-X3N50001C, Targu Cucu, 500
2, 48, 8, 2020, 1, 1, https://www.imobiliare.ro/inchirieri-apartamente/iasi/copou/apartament-de-inchiriat-2-camere-X3V4100D7, Copou, 400
3, 70, 2, 2020, 2, 1, https://www.imobiliare.ro/inchirieri-apartamente/iasi/copou/apartament-de-inchiriat-3-camere-X5AK1006I, Copou, 499
2, 60, 2, 2018, 1, 1, https://www.imobiliare.ro/inchirieri-apartamente/iasi/tudor-vladimirescu/apartament-de-inchiriat-2-camere-X3N5000RU, Tudor Vladimirescu, 450
2, 60, 3, 2012, 1, 1, https://www.imobiliare.ro/inchirieri-apartamente/iasi/central/apartament-de-inchiriat-2-camere-X0BG10044, Central, 430
2, 60, 9, 2020, 1, 1, https://www.imobiliare.ro/inchirieri-apartamente/iasi/tudor-vladimirescu/apartament-de-inchiriat-2-camere-X3N50003V, Tudor Vladimirescu, 480
2, 45, 3, 1978, 1, 1, https://www.imobiliare.ro/inchirieri-apartamente/iasi/bucsinescu/apartament-de-inchiriat-2-camere-XB5T1001R, Bucsinescu, 229
2, 50, 8, 2020, 1, 1, https://www.imobiliare.ro/inchirieri-apartamente/iasi/tudor-vladimirescu/apartament-de-inchiriat-2-camere-XBQQ0000A, Tudor Vladimirescu, 360
2, 55, 0, 1960, 1, 1, https://www.imobiliare.ro/inchirieri-apartamente/iasi/copou/apartament-de-inchiriat-2-camere-XCC700005, Copou, 280
2, 60, 9, 2015, 1, 1, https://www.imobiliare.ro/inchirieri-apartamente/iasi/central/apartament-de-inchiriat-2-camere-X0BG10074, Central, 520
2, 56, 4, 2020, 1, 1, https://www.imobiliare.ro/inchirieri-apartamente/iasi/tudor-vladimirescu/apartament-de-inchiriat-2-camere-X0BG100EC, Tudor Vladimirescu, 400
1, 44, 6, 1990, 1, 1, https://www.imobiliare.ro/inchirieri-garsoniere/iasi/pacurari/garsoniera-de-inchiriat-X3N5000Q6, Pacurari, 250
2, 57, 1, 2010, 2, 1, https://www.imobiliare.ro/inchirieri-apartamente/iasi/tudor-vladimirescu/apartament-de-inchiriat-2-camere-X8BK0000J, Tudor Vladimirescu, 450
1, 40, 8, 2010, 1, 1, https://www.imobiliare.ro/inchirieri-garsoniere/iasi/tudor-vladimirescu/garsoniera-de-inchiriat-XCAR00015, Tudor Vladimirescu, 300
2, 40, 11, 2017, 1, 1, https://www.imobiliare.ro/inchirieri-apartamente/iasi/tudor-vladimirescu/apartament-de-inchiriat-2-camere-X5GU10004, Tudor Vladimirescu, 300
2, 40, 3, 1990, 1, 1, https://www.imobiliare.ro/inchirieri-apartamente/iasi/tatarasi/apartament-de-inchiriat-2-camere-X3N50004J, Tatarasi, 275
2, 40, 7, 2020, 1, 1, https://www.imobiliare.ro/inchirieri-apartamente/iasi/cug/apartament-de-inchiriat-2-camere-XB8810099, Cug, 250
3, 65, 0, 1977, 1, 1, https://www.imobiliare.ro/inchirieri-apartamente/iasi/tatarasi/apartament-de-inchiriat-3-camere-X3N5000RQ, Tatarasi, 330
1, 25, 0, 2015, 1, 1, https://www.imobiliare.ro/inchirieri-garsoniere/iasi/copou/garsoniera-de-inchiriat-X9I50000M, Copou, 250
1, 38, 1, 2019, 1, 1, https://www.imobiliare.ro/inchirieri-garsoniere/iasi/nicolina/garsoniera-de-inchiriat-X7N21000R, Nicolina, 250
2, 55, 4, 2015, 1, 1, https://www.imobiliare.ro/inchirieri-apartamente/iasi/copou/apartament-de-inchiriat-2-camere-XC491000T, Copou, 500
2, 39, 7, 2010, 1, 1, https://www.imobiliare.ro/inchirieri-apartamente/iasi/tudor-vladimirescu/apartament-de-inchiriat-2-camere-X8BK0000G, Tudor Vladimirescu, 400
2, 50, 2, 2020, 1, 1, https://www.imobiliare.ro/inchirieri-apartamente/iasi/valea-lupului/apartament-de-inchiriat-2-camere-XAF810008, Central, 320
2, 40, 0, 2014, 1, 1, https://www.imobiliare.ro/inchirieri-apartamente/iasi/nicolina/apartament-de-inchiriat-2-camere-X3V4100S7, Nicolina, 300
2, 50, 9, 2018, 1, 1, https://www.imobiliare.ro/inchirieri-apartamente/iasi/pacurari/apartament-de-inchiriat-2-camere-X3N50001V, Pacurari, 325
4, 90, 1, 1980, 1, 1, https://www.imobiliare.ro/inchirieri-apartamente/iasi/central/apartament-de-inchiriat-4-camere-X0BG1001H, Central, 550
2, 65, 5, 2017, 1, 1, https://www.imobiliare.ro/inchirieri-apartamente/iasi/copou/apartament-de-inchiriat-2-camere-XV0K00J39, Copou, 500
3, 65, 2, 1990, 1, 1, https://www.imobiliare.ro/inchirieri-apartamente/iasi/dacia/apartament-de-inchiriat-3-camere-X3N5000NN, Dacia, 308
1, 27, 5, 2016, 1, 1, https://www.imobiliare.ro/inchirieri-garsoniere/iasi/centru-civic/garsoniera-de-inchiriat-X9I50005N, Centru Civic, 280
2, 48, 4, 2010, 1, 1, https://www.imobiliare.ro/inchirieri-apartamente/iasi/nicolina/apartament-de-inchiriat-2-camere-X3N50003S, Nicolina, 330
1, 26, 10, 1985, 1, 1, https://www.imobiliare.ro/inchirieri-garsoniere/iasi/alexandru-cel-bun/garsoniera-de-inchiriat-X90710079, Alexandru cel Bun, 200
3, 62, 2, 2010, 1, 1, https://www.imobiliare.ro/inchirieri-apartamente/iasi/centru-civic/apartament-de-inchiriat-3-camere-X3N5000R1, Centru Civic, 500
1, 44, 2, 1990, 1, 1, https://www.imobiliare.ro/inchirieri-garsoniere/iasi/pacurari/garsoniera-de-inchiriat-X95I1004N, Pacurari, 230
1, 40, 1, 2018, 1, 1, https://www.imobiliare.ro/inchirieri-garsoniere/iasi/cug/garsoniera-de-inchiriat-X5AK100P0, Cug, 245
1, 26, 1, 1980, 1, 1, https://www.imobiliare.ro/inchirieri-garsoniere/iasi/galata/garsoniera-de-inchiriat-X95I1009Q, Galata, 200
2, 45, 4, 2010, 1, 1, https://www.imobiliare.ro/inchirieri-apartamente/iasi/tatarasi/apartament-de-inchiriat-2-camere-XBQQ0000E, Tatarasi, 305
1, 40, 8, 1990, 1, 1, https://www.imobiliare.ro/inchirieri-garsoniere/iasi/gara/garsoniera-de-inchiriat-X9I500058, Gara, 250
2, 60, 1, 2010, 1, 1, https://www.imobiliare.ro/inchirieri-apartamente/iasi/nicolina/apartament-de-inchiriat-2-camere-X3N50005L, Nicolina, 320
2, 44, 0, 2015, 1, 1, https://www.imobiliare.ro/inchirieri-apartamente/iasi/copou/apartament-de-inchiriat-2-camere-X5AK100LV, Copou, 450
2, 60, 2, 1970, 1, 1, https://www.imobiliare.ro/inchirieri-apartamente/iasi/centru-civic/apartament-de-inchiriat-2-camere-X5Q110008, Centru Civic, 375
2, 60, 1, 1970, 1, 1, https://www.imobiliare.ro/inchirieri-apartamente/iasi/gara/apartament-de-inchiriat-2-camere-X5AK100LU, Gara, 350
2, 50, 1, 2019, 1, 1, https://www.imobiliare.ro/inchirieri-apartamente/iasi/popas-pacurari/apartament-de-inchiriat-2-camere-X5AK100S3, Popas Pacurari, 300
1, 40, 9, 1990, 1, 1, https://www.imobiliare.ro/inchirieri-garsoniere/iasi/nicolina/garsoniera-de-inchiriat-XA6H0011M, Nicolina, 250
1, 25, 1, 2015, 1, 1, https://www.imobiliare.ro/inchirieri-garsoniere/iasi/pacurari/garsoniera-de-inchiriat-X3N5000PS, Pacurari, 185
2, 34, 1, 1990, 1, 1, https://www.imobiliare.ro/inchirieri-apartamente/iasi/tatarasi/apartament-de-inchiriat-2-camere-X9I500062, Tatarasi, 1.1
2, 50, 4, 2019, 1, 1, https://www.imobiliare.ro/inchirieri-apartamente/iasi/centru-civic/apartament-de-inchiriat-2-camere-X5AK100BH, Centru Civic, 350
2, 48, 2, 1990, 1, 1, https://www.imobiliare.ro/inchirieri-apartamente/iasi/targu-cucu/apartament-de-inchiriat-2-camere-X3N50002H, Targu Cucu, 245
1, 33, 5, 2019, 1, 1, http://www.imobiliare.ro/inchirieri-garsoniere/iasi/tatarasi/garsoniera-de-inchiriat-X5AK100LS, Tatarasi, 250
3, 75, 2, 2018, 1, 1, https://www.imobiliare.ro/inchirieri-apartamente/iasi/pacurari/apartament-de-inchiriat-3-camere-X3N50006K, Pacurari, 260
2, 55, 3, 2017, 1, 1, https://www.imobiliare.ro/inchirieri-apartamente/iasi/copou/apartament-de-inchiriat-2-camere-X3V4100E0, Copou, 500
2, 40, 0, 2010, 1, 1, https://www.imobiliare.ro/inchirieri-apartamente/iasi/targu-cucu/apartament-de-inchiriat-2-camere-X3N5000R5, Targu Cucu, 300
2, 56, 8, 1985, 1, 1, https://www.imobiliare.ro/inchirieri-apartamente/iasi/piata-unirii/apartament-de-inchiriat-2-camere-XAV810017, Piaţa Unirii, 300
2, 45, 0, 2017, 1, 1, https://www.imobiliare.ro/inchirieri-apartamente/iasi/copou/apartament-de-inchiriat-2-camere-XBP60004I, Copou, 400
1, 40, 2, 1990, 1, 1, https://www.imobiliare.ro/inchirieri-garsoniere/iasi/nicolina/garsoniera-de-inchiriat-X3N5000RM, Nicolina, 300
2, 38, 4, 2018, 1, 1, https://www.imobiliare.ro/inchirieri-apartamente/iasi/nicolina/apartament-de-inchiriat-2-camere-X3V4100A6, Nicolina, 270
3, 50, 0, 1980, 1, 1, https://www.imobiliare.ro/inchirieri-apartamente/iasi/central/apartament-de-inchiriat-3-camere-X5Q110062, Central, 350
1, 23, 3, 1977, 1, 1, https://www.imobiliare.ro/inchirieri-garsoniere/iasi/mircea-cel-batran/garsoniera-de-inchiriat-X3N5000RF, Mircea cel Batran, 200
2, 50, 4, 2010, 1, 1, https://www.imobiliare.ro/inchirieri-apartamente/iasi/copou/apartament-de-inchiriat-2-camere-X3N5000RL, Copou, 350
2, 48, 4, 1978, 1, 1, https://www.imobiliare.ro/inchirieri-apartamente/iasi/dacia/apartament-de-inchiriat-2-camere-X511000GI, Dacia, 279
2, 42, 2, 2020, 1, 1, https://www.imobiliare.ro/inchirieri-apartamente/iasi/centru-civic/apartament-de-inchiriat-2-camere-X5110007G, Centru Civic, 380
2, 60, 4, 2019, 2, 1, https://www.imobiliare.ro/inchirieri-apartamente/iasi/tudor-vladimirescu/apartament-de-inchiriat-2-camere-X5AK1002H, Tudor Vladimirescu, 400
3, 100, 3, 1990, 2, 1, https://www.imobiliare.ro/inchirieri-apartamente/iasi/nicolina/apartament-de-inchiriat-3-camere-X3V4100QJ, Nicolina, 400
2, 45, 0, 1979, 1, 1, https://www.imobiliare.ro/inchirieri-apartamente/iasi/podu-ros/apartament-de-inchiriat-2-camere-X3N5000QF, Podu Ros, 200
2, 52, 4, 2018, 1, 1, https://www.imobiliare.ro/inchirieri-apartamente/iasi/tatarasi/apartament-de-inchiriat-2-camere-XBP600024, Tatarasi, 400
2, 45, 4, 2019, 1, 1, https://www.imobiliare.ro/inchirieri-apartamente/iasi/podul-de-fier/apartament-de-inchiriat-2-camere-X3V4100BH, Podul de Fier, 400
2, 64, 2, 2017, 1, 1, https://www.imobiliare.ro/inchirieri-apartamente/iasi/copou/apartament-de-inchiriat-2-camere-X0BG100EO, Copou, 500
1, 40, 1, 2020, 1, 1, https://www.imobiliare.ro/inchirieri-garsoniere/iasi/popas-pacurari/garsoniera-de-inchiriat-X5Q11009J, Popas Pacurari, 250
1, 25, 1, 2016, 1, 1, https://www.imobiliare.ro/inchirieri-garsoniere/iasi/pacurari/garsoniera-de-inchiriat-X3N50001F, Pacurari, 185
3, 67, 1, 1985, 2, 1, https://www.imobiliare.ro/inchirieri-apartamente/iasi/pacurari/apartament-de-inchiriat-3-camere-X0BG100EU, Pacurari, 450
2, 50, 9, 2018, 1, 1, https://www.imobiliare.ro/inchirieri-apartamente/iasi/centru-civic/apartament-de-inchiriat-2-camere-X7M20004Q, Centru Civic, 330
1, 40, 3, 1990, 1, 1, https://www.imobiliare.ro/inchirieri-garsoniere/iasi/tatarasi/garsoniera-de-inchiriat-X3N5000QB, Tatarasi, 270
2, 38, 5, 1990, 1, 1, https://www.imobiliare.ro/inchirieri-apartamente/iasi/alexandru-cel-bun/apartament-de-inchiriat-2-camere-XA6H0012I, Alexandru cel Bun, 280
1, 38, 5, 2020, 1, 1, https://www.imobiliare.ro/inchirieri-garsoniere/iasi/centru-civic/garsoniera-de-inchiriat-XBP600056, Centru Civic, 320
3, 105, 3, 2000, 2, 1, https://www.imobiliare.ro/inchirieri-apartamente/iasi/copou/apartament-de-inchiriat-3-camere-X5Q110028, Copou, 800
2, 58, 1, 2018, 1, 1, https://www.imobiliare.ro/inchirieri-apartamente/iasi/pacurari/apartament-de-inchiriat-2-camere-X5AK100CU, Pacurari, 299
2, 50, 9, 1970, 1, 1, https://www.imobiliare.ro/inchirieri-apartamente/iasi/podu-ros/apartament-de-inchiriat-2-camere-X5AK100ES, Podu Ros, 299
2, 52, 3, 1968, 1, 1, https://www.imobiliare.ro/inchirieri-apartamente/iasi/podu-ros/apartament-de-inchiriat-2-camere-X0BG1007O, Podu Ros, 290
1, 45, 7, 1985, 1, 1, https://www.imobiliare.ro/inchirieri-garsoniere/iasi/pacurari/garsoniera-de-inchiriat-X3N5000O0, Pacurari, 250
1, 22, 0, 1990, 1, 1, https://www.imobiliare.ro/inchirieri-garsoniere/iasi/baza-3/garsoniera-de-inchiriat-X3N5000RO, Baza 3, 200
2, 40, 1, 2015, 1, 1, https://www.imobiliare.ro/inchirieri-apartamente/iasi/central/apartament-de-inchiriat-2-camere-XCBE10023, Central, 380
2, 50, 1, 2010, 1, 1, https://www.imobiliare.ro/inchirieri-apartamente/iasi/nicolina/apartament-de-inchiriat-2-camere-X3N5000RP, Nicolina, 350
2, 64, 4, 1980, 1, 1, https://www.imobiliare.ro/inchirieri-apartamente/iasi/central/apartament-de-inchiriat-2-camere-X95I10043, Central, 380
2, 50, 10, 2020, 1, 1, https://www.imobiliare.ro/inchirieri-apartamente/iasi/central/apartament-de-inchiriat-2-camere-X5AK100PJ, Central, 480
2, 50, 2, 1980, 1, 1, https://www.imobiliare.ro/inchirieri-apartamente/iasi/alexandru-cel-bun/apartament-de-inchiriat-2-camere-X5AK100TA, Alexandru cel Bun, 299
2, 48, 0, 2010, 1, 1, https://www.imobiliare.ro/inchirieri-apartamente/iasi/cug/apartament-de-inchiriat-2-camere-X3N50004F, Cug, 290
2, 55, 0, 2000, 1, 1, https://www.imobiliare.ro/inchirieri-apartamente/iasi/central/apartament-de-inchiriat-2-camere-X511000E2, Central, 330
1, 44, 8, 2010, 1, 1, https://www.imobiliare.ro/inchirieri-garsoniere/iasi/centru-civic/garsoniera-de-inchiriat-X3N50007F, Centru Civic, 350
2, 50, 4, 1990, 1, 1, https://www.imobiliare.ro/inchirieri-apartamente/iasi/canta/apartament-de-inchiriat-2-camere-X3N5000CJ, Canta, 249
1, 42, 2, 1988, 1, 1, https://www.imobiliare.ro/inchirieri-garsoniere/iasi/gara/garsoniera-de-inchiriat-X95I1002R, Gara, 230
2, 40, 8, 2010, 1, 1, https://www.imobiliare.ro/inchirieri-apartamente/iasi/tatarasi/apartament-de-inchiriat-2-camere-X5Q11009H, Tatarasi, 350
4, 120, 1, 1989, 2, 1, https://www.imobiliare.ro/inchirieri-apartamente/iasi/alexandru-cel-bun/apartament-de-inchiriat-4-camere-X3V4100B7, Alexandru cel Bun, 550
1, 35, 1, 1988, 1, 1, https://www.imobiliare.ro/inchirieri-garsoniere/iasi/tatarasi/garsoniera-de-inchiriat-XC0M0000N, Tatarasi, 1
2, 50.2, 2, 2016, 1, 1, https://www.imobiliare.ro/inchirieri-apartamente/iasi/copou/apartament-de-inchiriat-2-camere-XBP600072, Copou, 400
2, 45, 3, 2016, 1, 1, https://www.imobiliare.ro/inchirieri-apartamente/iasi/centru-civic/apartament-de-inchiriat-2-camere-X4A000015, Centru Civic, 400
2, 54, 7, 2020, 1, 1, https://www.imobiliare.ro/inchirieri-apartamente/iasi/central/apartament-de-inchiriat-2-camere-X3V41004M, Central, 400
1, 36, 0, 2010, 1, 1, https://www.imobiliare.ro/inchirieri-garsoniere/iasi/nicolina/garsoniera-de-inchiriat-X3N50001K, Nicolina, 250
2, 35, 1, 1980, 1, 1, https://www.imobiliare.ro/inchirieri-apartamente/iasi/tatarasi/apartament-de-inchiriat-2-camere-X5AK100MB, Tatarasi, 260
1, 26, 2, 1980, 1, 1, https://www.imobiliare.ro/inchirieri-garsoniere/iasi/nicolina/garsoniera-de-inchiriat-X95I1009P, Nicolina, 180
2, 40, 1, 2010, 1, 1, https://www.imobiliare.ro/inchirieri-apartamente/iasi/tatarasi/apartament-de-inchiriat-2-camere-X5Q11009I, Tatarasi, 350
3, 76, 1, 2015, 2, 1, https://www.imobiliare.ro/inchirieri-apartamente/iasi/copou/apartament-de-inchiriat-3-camere-X7N21002L, Copou, 780
1, 35, 3, 1985, 1, 1, https://www.imobiliare.ro/inchirieri-garsoniere/iasi/metalurgie/garsoniera-de-inchiriat-XA6H0010Q, Metalurgie, 190
3, 80, 2, 2016, 2, 1, https://www.imobiliare.ro/inchirieri-apartamente/iasi/copou/apartament-de-inchiriat-3-camere-X4A00000H, Copou, 880
3, 60, 4, 1977, 1, 1, https://www.imobiliare.ro/inchirieri-apartamente/iasi/podul-de-piatra/apartament-de-inchiriat-3-camere-X9I50005K, Podul de Piatra, 1.3
2, 55, 3, 2017, 1, 1, https://www.imobiliare.ro/inchirieri-apartamente/iasi/copou/apartament-de-inchiriat-2-camere-X3V41001P, Copou, 500
3, 65, 1, 2020, 1, 1, https://www.imobiliare.ro/inchirieri-apartamente/iasi/centru-civic/apartament-de-inchiriat-3-camere-X3N50000U, Centru Civic, 650
1, 30, 0, 2018, 1, 1, https://www.imobiliare.ro/inchirieri-garsoniere/iasi/central/garsoniera-de-inchiriat-X5110001K, Central, 299
2, 55, 3, 1987, 1, 1, https://www.imobiliare.ro/inchirieri-apartamente/iasi/nicolina/apartament-de-inchiriat-2-camere-X3N5000P9, Nicolina, 250
2, 56, 5, 2020, 1, 1, https://www.imobiliare.ro/inchirieri-apartamente/iasi/podul-de-fier/apartament-de-inchiriat-2-camere-X3V410036, Podul de Fier, 450
2, 60, 1, 2010, 1, 1, https://www.imobiliare.ro/inchirieri-apartamente/iasi/targu-cucu/apartament-de-inchiriat-2-camere-X3N50007V, Targu Cucu, 340
3, 71, 4, 1982, 2, 1, https://www.imobiliare.ro/inchirieri-apartamente/iasi/nicolina/apartament-de-inchiriat-3-camere-X0BG10032, Nicolina, 320
1, 34, 9, 2019, 1, 1, https://www.imobiliare.ro/inchirieri-garsoniere/iasi/tudor-vladimirescu/garsoniera-de-inchiriat-X3N50002I, Tudor Vladimirescu, 320
1, 21, 2, 2010, 1, 1, https://www.imobiliare.ro/inchirieri-garsoniere/iasi/socola/garsoniera-de-inchiriat-X7M20000E, Socola, 150
1, 41, 3, 2019, 1, 1, https://www.imobiliare.ro/inchirieri-garsoniere/iasi/pacurari/garsoniera-de-inchiriat-X3N500075, Pacurari, 246
1, 25, 1, 1978, 1, 1, https://www.imobiliare.ro/inchirieri-garsoniere/iasi/nicolina/garsoniera-de-inchiriat-XB5T10023, Nicolina, 165
2, 40, 8, 1990, 1, 1, https://www.imobiliare.ro/inchirieri-apartamente/iasi/mircea-cel-batran/apartament-de-inchiriat-2-camere-X3N5000PB, Mircea cel Batran, 300
2, 50, 4, 2018, 1, 1, https://www.imobiliare.ro/inchirieri-apartamente/iasi/copou/apartament-de-inchiriat-2-camere-X7DH10012, Copou, 400
2, 50.21, 8, 2014, 1, 1, https://www.imobiliare.ro/inchirieri-apartamente/iasi/tudor-vladimirescu/apartament-de-inchiriat-2-camere-XBP60009C, Tudor Vladimirescu, 350
1, 40, 2, 2015, 1, 1, https://www.imobiliare.ro/inchirieri-garsoniere/iasi/cug/garsoniera-de-inchiriat-X9CJ0002S, Cug, 200
1, 31, 3, 1978, 1, 1, https://www.imobiliare.ro/inchirieri-garsoniere/iasi/podul-de-piatra/garsoniera-de-inchiriat-X5AK1002O, Podul de Piatra, 230
1, 50, 0, 2018, 1, 1, https://www.imobiliare.ro/inchirieri-garsoniere/iasi/moara-de-foc/garsoniera-de-inchiriat-X511000M0, Moara de foc, 300
2, 36, 0, 2017, 1, 1, https://www.imobiliare.ro/inchirieri-apartamente/iasi/centru-civic/apartament-de-inchiriat-2-camere-X9I50005L, Centru Civic, 400
2, 60, 3, 2010, 1, 1, https://www.imobiliare.ro/inchirieri-apartamente/iasi/targu-cucu/apartament-de-inchiriat-2-camere-X3N500088, Targu Cucu, 430
2, 40, 1, 1978, 1, 1, https://www.imobiliare.ro/inchirieri-apartamente/iasi/podu-ros/apartament-de-inchiriat-2-camere-XA6H0012B, Podu Ros, 250
3, 82, 2, 1980, 2, 1, https://www.imobiliare.ro/inchirieri-apartamente/iasi/podu-ros/apartament-de-inchiriat-3-camere-XCBE10037, Podu Ros, 360
2, 57, 4, 2020, 1, 1, https://www.imobiliare.ro/inchirieri-apartamente/iasi/centru-civic/apartament-de-inchiriat-2-camere-X95I1004K, Centru Civic, 450
2, 54, 5, 2020, 1, 1, https://www.imobiliare.ro/inchirieri-apartamente/iasi/copou/apartament-de-inchiriat-2-camere-X4Q200144, Copou, 350
2, 68, 3, 2018, 1, 1, https://www.imobiliare.ro/inchirieri-apartamente/iasi/nicolina/apartament-de-inchiriat-2-camere-X9PD00008, Nicolina, 650
2, 45, 3, 2016, 1, 1, https://www.imobiliare.ro/inchirieri-apartamente/iasi/tatarasi/apartament-de-inchiriat-2-camere-XAV810012, Tatarasi, 320
2, 50, 2, 1989, 1, 1, https://www.imobiliare.ro/inchirieri-apartamente/iasi/galata/apartament-de-inchiriat-2-camere-XB5T1003L, Galata, 249
2, 42, 4, 2019, 1, 1, https://www.imobiliare.ro/inchirieri-apartamente/iasi/moara-de-foc/apartament-de-inchiriat-2-camere-X9I500063, Moara de foc, 350
2, 58, 1, 1985, 1, 1, https://www.imobiliare.ro/inchirieri-apartamente/iasi/pacurari/apartament-de-inchiriat-2-camere-X3V4100CJ, Pacurari, 300
3, 75, 7, 1990, 2, 1, https://www.imobiliare.ro/inchirieri-apartamente/iasi/nicolina/apartament-de-inchiriat-3-camere-X3N5000Q2, Nicolina, 380
2, 52, 4, 2019, 1, 1, https://www.imobiliare.ro/inchirieri-apartamente/iasi/moara-de-vant/apartament-de-inchiriat-2-camere-X3V4100JM, Moara de Vant, 350
1, 40, 1, 2020, 1, 1, https://www.imobiliare.ro/inchirieri-garsoniere/iasi/central/garsoniera-de-inchiriat-X7N21001T, Central, 250
2, 65, 7, 2020, 1, 1, https://www.imobiliare.ro/inchirieri-apartamente/iasi/tudor-vladimirescu/apartament-de-inchiriat-2-camere-XB881008S, Tudor Vladimirescu, 399
3, 80, 2, 1985, 1, 1, https://www.imobiliare.ro/inchirieri-apartamente/iasi/dacia/apartament-de-inchiriat-3-camere-X907100AS, Dacia, 375
1, 17, 2, 1985, 1, 1, https://www.imobiliare.ro/inchirieri-garsoniere/iasi/canta/garsoniera-de-inchiriat-X90710030, Canta, 185
3, 70, 3, 2010, 1, 1, https://www.imobiliare.ro/inchirieri-apartamente/iasi/tatarasi/apartament-de-inchiriat-3-camere-X4A00000N, Tatarasi, 350
2, 55, 6, 2010, 1, 1, https://www.imobiliare.ro/inchirieri-apartamente/iasi/nicolina/apartament-de-inchiriat-2-camere-X3N5000Q1, Nicolina, 340
2, 64, 1, 2019, 1, 1, https://www.imobiliare.ro/inchirieri-apartamente/iasi/moara-de-vant/apartament-de-inchiriat-2-camere-X3V4100GP, Moara de Vant, 400
1, 27, 8, 1979, 1, 1, https://www.imobiliare.ro/inchirieri-garsoniere/iasi/podu-ros/garsoniera-de-inchiriat-X5AK1006K, Podu Ros, 165
1, 36, 0, 1990, 1, 1, https://www.imobiliare.ro/inchirieri-garsoniere/iasi/galata/garsoniera-de-inchiriat-X3N5000PT, Galata, 250
2, 60, 3, 1990, 1, 1, https://www.imobiliare.ro/inchirieri-apartamente/iasi/cug/apartament-de-inchiriat-2-camere-X3N5000RI, Cug, 250
2, 53, 6, 2020, 1, 1, https://www.imobiliare.ro/inchirieri-apartamente/iasi/nicolina/apartament-de-inchiriat-2-camere-X0BG1000O, Nicolina, 400
2, 50, 0, 2015, 1, 1, https://www.imobiliare.ro/inchirieri-apartamente/iasi/piata-unirii/apartament-de-inchiriat-2-camere-X3N5000QR, Piaţa Unirii, 380
1, 28, 0, 2010, 1, 1, https://www.imobiliare.ro/inchirieri-garsoniere/iasi/nicolina/garsoniera-de-inchiriat-X3N50006J, Nicolina, 250
2, 60, 0, 2018, 1, 1, https://www.imobiliare.ro/inchirieri-apartamente/iasi/pacurari/apartament-de-inchiriat-2-camere-X9071006L, Pacurari, 250
3, 75, 4, 2020, 2, 1, https://www.imobiliare.ro/inchirieri-apartamente/iasi/tatarasi/apartament-de-inchiriat-3-camere-X5AK100KU, Tatarasi, 650
2, 54, 4, 2020, 1, 1, https://www.imobiliare.ro/inchirieri-apartamente/iasi/bucsinescu/apartament-de-inchiriat-2-camere-X0BG100DM, Bucsinescu, 450
2, 45, 5, 2020, 1, 1, https://www.imobiliare.ro/inchirieri-apartamente/iasi/podul-de-fier/apartament-de-inchiriat-2-camere-X3V4100J1, Podul de Fier, 380
2, 65, 1, 2020, 1, 1, https://www.imobiliare.ro/inchirieri-apartamente/iasi/copou/apartament-de-inchiriat-2-camere-X4NS0002U, Copou, 430
2, 62, 7, 2020, 1, 1, https://www.imobiliare.ro/inchirieri-apartamente/iasi/tudor-vladimirescu/apartament-de-inchiriat-2-camere-XB881002D, Tudor Vladimirescu, 400
2, 54, 2, 2011, 1, 1, https://www.imobiliare.ro/inchirieri-apartamente/iasi/valea-lupului/apartament-de-inchiriat-2-camere-XV0K00TAL, Iasi, 320
2, 50, 4, 1985, 1, 1, https://www.imobiliare.ro/inchirieri-apartamente/iasi/pacurari/apartament-de-inchiriat-2-camere-X907100FA, Pacurari, 250
3, 65, 4, 2010, 1, 1, https://www.imobiliare.ro/inchirieri-apartamente/iasi/tatarasi/apartament-de-inchiriat-3-camere-X3N5000QG, Tatarasi, 350
2, 56, 0, 1977, 1, 1, https://www.imobiliare.ro/inchirieri-apartamente/iasi/copou/apartament-de-inchiriat-2-camere-X9I50005T, Copou, 350
1, 25, 1, 1977, 1, 1, https://www.imobiliare.ro/inchirieri-garsoniere/iasi/nicolina/garsoniera-de-inchiriat-XBQQ0000I, Nicolina, 180
1, 30, 5, 2010, 1, 1, https://www.imobiliare.ro/inchirieri-garsoniere/iasi/centru-civic/garsoniera-de-inchiriat-XBH30002N, Centru Civic, 275
2, 35, 0, 2016, 1, 1, https://www.imobiliare.ro/inchirieri-apartamente/iasi/tatarasi/apartament-de-inchiriat-2-camere-X95I1005J, Tatarasi, 270
2, 40, 6, 1977, 1, 1, https://www.imobiliare.ro/inchirieri-apartamente/iasi/centru-civic/apartament-de-inchiriat-2-camere-X9I50001J, Centru Civic, 300
2, 45, 3, 1982, 1, 1, https://www.imobiliare.ro/inchirieri-apartamente/iasi/centru-civic/apartament-de-inchiriat-2-camere-X3N50007S, Centru Civic, 450
1, 35, 1, 2020, 1, 1, https://www.imobiliare.ro/inchirieri-garsoniere/iasi/bucsinescu/garsoniera-de-inchiriat-X0BG100DL, Bucsinescu, 330
3, 74, 4, 1984, 2, 1, https://www.imobiliare.ro/inchirieri-apartamente/iasi/bd-independentei/apartament-de-inchiriat-3-camere-X7M200013, Bd. Independenţei, 500
3, 60, 3, 1980, 1, 1, https://www.imobiliare.ro/inchirieri-apartamente/iasi/podu-ros/apartament-de-inchiriat-3-camere-X4A00000M, Podu Ros, 490
2, 56, 7, 2019, 1, 1, https://www.imobiliare.ro/inchirieri-apartamente/iasi/tudor-vladimirescu/apartament-de-inchiriat-2-camere-X0BG100EV, Tudor Vladimirescu, 500
2, 43, 8, 2010, 1, 1, https://www.imobiliare.ro/inchirieri-apartamente/iasi/tudor-vladimirescu/apartament-de-inchiriat-2-camere-X8BK0000L, Tudor Vladimirescu, 400
2, 50, 3, 2010, 1, 1, https://www.imobiliare.ro/inchirieri-apartamente/iasi/tatarasi/apartament-de-inchiriat-2-camere-XCAR00028, Tatarasi, 360
2, 45, 5, 2015, 1, 1, https://www.imobiliare.ro/inchirieri-apartamente/iasi/central/apartament-de-inchiriat-2-camere-X0BG10055, Central, 330
2, 68, 1, 1985, 1, 1, https://www.imobiliare.ro/inchirieri-apartamente/iasi/tatarasi/apartament-de-inchiriat-2-camere-X907100F0, Tatarasi, 420
2, 54, 8, 2020, 1, 1, https://www.imobiliare.ro/inchirieri-apartamente/iasi/tatarasi/apartament-de-inchiriat-2-camere-X5AK100QM, Tatarasi, 350
3, 65, 0, 1977, 1, 1, https://www.imobiliare.ro/inchirieri-apartamente/iasi/tatarasi/apartament-de-inchiriat-3-camere-X3N5000QU, Tatarasi, 350
2, 52, 3, 2010, 1, 1, https://www.imobiliare.ro/inchirieri-apartamente/iasi/tatarasi/apartament-de-inchiriat-2-camere-XAV81002H, Tatarasi, 350
3, 77, 7, 1990, 1, 1, https://www.imobiliare.ro/inchirieri-apartamente/iasi/centru-civic/apartament-de-inchiriat-3-camere-XV0J00TLD, Centru Civic, 545
2, 50, 8, 2010, 1, 1, https://www.imobiliare.ro/inchirieri-apartamente/iasi/tatarasi/apartament-de-inchiriat-2-camere-XCAR00023, Tatarasi, 350
1, 40, 2, 2010, 1, 1, https://www.imobiliare.ro/inchirieri-garsoniere/iasi/nicolina/garsoniera-de-inchiriat-X3N500034, Nicolina, 270
2, 57, 1, 2018, 1, 1, https://www.imobiliare.ro/inchirieri-apartamente/iasi/popas-pacurari/apartament-de-inchiriat-2-camere-X9BK1000B, Popas Pacurari, 300
1, 42, 2, 2010, 1, 1, https://www.imobiliare.ro/vanzare-garsoniere/iasi/pacurari/garsoniera-de-vanzare-sau-de-inchiriat-XC3U0000B, Pacurari, 34
2, 50, 7, 1970, 1, 1, https://www.imobiliare.ro/inchirieri-apartamente/iasi/independentei/apartament-de-inchiriat-2-camere-X3V4100SI, Independenţei, 370
2, 50.2, 2, 2016, 1, 1, https://www.imobiliare.ro/inchirieri-apartamente/iasi/copou/apartament-de-inchiriat-2-camere-XBP60008I, Copou, 400
3, 70, 4, 2013, 1, 1, https://www.imobiliare.ro/inchirieri-apartamente/iasi/tatarasi/apartament-de-inchiriat-3-camere-X7QB00006, Tatarasi, 330
4, 80, 1, 1980, 2, 1, https://www.imobiliare.ro/inchirieri-apartamente/iasi/central/apartament-de-inchiriat-4-camere-X0BG10085, Central, 550
2, 50, 3, 1980, 1, 1, https://www.imobiliare.ro/inchirieri-apartamente/iasi/gara/apartament-de-inchiriat-2-camere-X5110006T, Gara, 350
2, 55, 3, 1990, 1, 1, https://www.imobiliare.ro/inchirieri-apartamente/iasi/nicolina/apartament-de-inchiriat-2-camere-X3N5000S3, Nicolina, 250
1, 40, 5, 2020, 1, 1, https://www.imobiliare.ro/inchirieri-garsoniere/iasi/tudor-vladimirescu/garsoniera-de-inchiriat-XB5T1000U, Tudor Vladimirescu, 319
2, 45, 2, 2020, 1, 1, https://www.imobiliare.ro/inchirieri-apartamente/iasi/copou/apartament-de-inchiriat-2-camere-X7M20005F, Copou, 490
4, 123, 1, 1990, 2, 1, https://www.imobiliare.ro/inchirieri-apartamente/iasi/central/apartament-de-inchiriat-4-camere-X3V4100P3, Central, 1.2
2, 45, 5, 1985, 1, 1, https://www.imobiliare.ro/inchirieri-apartamente/iasi/piata-unirii/apartament-de-inchiriat-2-camere-X9071004I, Piaţa Unirii, 330
1, 36, 9, 2010, 1, 1, https://www.imobiliare.ro/inchirieri-garsoniere/iasi/tudor-vladimirescu/garsoniera-de-inchiriat-X8BK0000K, Tudor Vladimirescu, 330
2, 60, 3, 2010, 1, 1, https://www.imobiliare.ro/inchirieri-apartamente/iasi/cug/apartament-de-inchiriat-2-camere-X7M20005K, Cug, 280
3, 95, 0, 2015, 1, 1, https://www.imobiliare.ro/inchirieri-apartamente/iasi/copou/apartament-de-inchiriat-3-camere-X43D1000B, Copou, 650
3, 50, 2, 1977, 1, 1, https://www.imobiliare.ro/inchirieri-apartamente/iasi/tatarasi/apartament-de-inchiriat-3-camere-X7DH100DD, Tatarasi, 275
2, 60, 2, 1956, 1, 1, https://www.imobiliare.ro/inchirieri-apartamente/iasi/pacurari/apartament-de-inchiriat-2-camere-X3V4100C2, Pacurari, 425
1, 32, 5, 2019, 1, 1, https://www.imobiliare.ro/inchirieri-garsoniere/iasi/centru-civic/garsoniera-de-inchiriat-X3N5000QQ, Centru Civic, 280
1, 40, 1, 2010, 1, 1, https://www.imobiliare.ro/inchirieri-garsoniere/iasi/nicolina/garsoniera-de-inchiriat-XCAR00025, Nicolina, 200
